Workbook
Name MatchupDataTableNoHeaders: OpponentData!$C$2:$F$402
Name OTSQuery: 'GBG DASHBOARD'!$E$9
Name PlayerAltNames: 'Team Info From Paste'!$F$17:$J$17
Name PlayerMonsDropDown: 'Team Info From Paste'!$C$12:$C$18
Name ReplayLinks: HomePage!$C$14:$C$113
Name PokemonIcons: Icons!$B$2:$C$1203
Name OppTeamQuery: 'GBG DASHBOARD'!$E$2
Name Player2: 'Base Data'!$I$3:$I$102
Name MatchupDataTableWithHeaders: OpponentData!$C$1:$F$402
Name OTSDropDown: 'GBG DASHBOARD'!$A$15:$A$17
Name Paste: HomePage!$G$8
Name LeadComboTable: 'Lead Combo Reporting'!$F$5:$J$20
Name PlayerLeadQuery: 'GBG DASHBOARD'!$E$6
Name ResultsDropdown: 'GBG DASHBOARD'!$A$11:$A$13
Name ResultQuery: 'GBG DASHBOARD'!$E$1
Name GameResults: 'Base Data'!$DW$3:$DW$102
Name OppBackQuery: 'GBG DASHBOARD'!$E$4
Name OppLeadQuery: 'GBG DASHBOARD'!$E$3
Name Player1Pokemon: 'Base Data'!$C$3:$H$102
Name Player1: 'Base Data'!$B$3:$B$102
Name PlayerUsedQuery: 'GBG DASHBOARD'!$E$5
Name OppMonsUsed: 'Base Data'!$CZ$3:$DC$102
Name Results: 'Base Data'!$P$3:$P$102
Name FormFixes: Forms!$A$2:$C$141
Name TypeIcons: Icons!$D$2:$E$20
Name Player2Pokemon: 'Base Data'!$J$3:$O$102
Name PlayerTeraQuery: 'GBG DASHBOARD'!$E$8
Name PlayerLeadTable: 'Lead Combo Reporting'!$A$5:$D$105
Name PlayerBackQuery: 'GBG DASHBOARD'!$E$7

Sheet HomePage
D2: PALKIA Academy Showdown Reporting Spreadsheet - V4.3
C4: Step 1 - File -> Make a copy
C6: Step 2 - Put your Showdown Name(s) Here → | G6: Tacodad
C8: Step 3 - Put your Team Pokepaste Here → | G8: https://pokepast.es/fa94d0fcba3c7d5c
H9: =VLOOKUP('Team Info From Paste'!D2, PokemonIcons, 2, False) -> #REF! | I9: =VLOOKUP('Team Info From Paste'!D3, PokemonIcons, 2, False) -> #REF! | J9: =VLOOKUP('Team Info From Paste'!D4, PokemonIcons, 2, False) -> #REF!
H10: =VLOOKUP('Team Info From Paste'!D5, PokemonIcons, 2, False) -> #REF! | I10: =VLOOKUP('Team Info From Paste'!D6, PokemonIcons, 2, False) -> #REF! | J10: =VLOOKUP('Team Info From Paste'!D7, PokemonIcons, 2, False) -> #REF!
C11: Step 4 - Put your showdown replay links (up to 100 at a time) below!
C13: Game links below | G13: Notes
B14: 1 | C14: https://replay.pokemonshowdown.com/gen9vgc2024regf-2070521419-wij2t1c8a3ua2btvwpmll67vtoyd7z8pw | F14: =IF(COUNTIF(ReplayLinks,C14) > 1, "DUPE", "")
B15: 2 | C15: https://replay.pokemonshowdown.com/gen9vgc2024regf-2070524515-ylqh6t9rxtx57ssjtfpu83jlbp1wj7opw | F15: =IF(COUNTIF(ReplayLinks,C15) > 1, "DUPE", "")
B16: 3 | C16: https://replay.pokemonshowdown.com/gen9vgc2024regf-2070529070-n0bmug1nosncwi659y35lhd31swd1tvpw | F16: =IF(COUNTIF(ReplayLinks,C16) > 1, "DUPE", "")
B17: 4 | C17: https://replay.pokemonshowdown.com/gen9vgc2024regf-2070531987-4qs1znrb8c46bpkqrqbk16u396yg2pypw | F17: =IF(COUNTIF(ReplayLinks,C17) > 1, "DUPE", "")
B18: 5 | F18: =IF(COUNTIF(ReplayLinks,C18) > 1, "DUPE", "")
B19: 6 | F19: =IF(COUNTIF(ReplayLinks,C19) > 1, "DUPE", "")
B20: 7 | F20: =IF(COUNTIF(ReplayLinks,C20) > 1, "DUPE", "")
B21: 8 | F21: =IF(COUNTIF(ReplayLinks,C21) > 1, "DUPE", "")
B22: 9 | F22: =IF(COUNTIF(ReplayLinks,C22) > 1, "DUPE", "")
B23: 10 | F23: =IF(COUNTIF(ReplayLinks,C23) > 1, "DUPE", "")
B24: 11 | F24: =IF(COUNTIF(ReplayLinks,C24) > 1, "DUPE", "")
B25: 12 | F25: =IF(COUNTIF(ReplayLinks,C25) > 1, "DUPE", "")
B26: 13 | F26: =IF(COUNTIF(ReplayLinks,C26) > 1, "DUPE", "")
B27: 14 | F27: =IF(COUNTIF(ReplayLinks,C27) > 1, "DUPE", "")
B28: 15 | F28: =IF(COUNTIF(ReplayLinks,C28) > 1, "DUPE", "")
B29: 16 | F29: =IF(COUNTIF(ReplayLinks,C29) > 1, "DUPE", "")
... B113: 100 | F113: =IF(COUNTIF(ReplayLinks,C113) > 1, "DUPE", "")

Sheet Team Info From Paste
A1: {=TRANSPOSE(TEAMDATAFROMPASTE(Paste))} -> Alcremie-Matcha-Cream | C1: Pokemon | D1: Form Clean | E1: Move Lookup Name | F1: Move | G1: Move | H1: Move | I1: Move | J1: Tera Type | K1: Nickname
A2: Decorate | C2: =TRIM(A1) -> Alcremie-Matcha-Cream | D2: =IFERROR(VLOOKUP(C2, FormFixes, 2, false), C2) -> Alcremie | E2: =IF(ISBLANK(VLOOKUP(C2, FormFixes, 3, false)), C2, IFERROR(VLOOKUP(C2, FormFixes, 3, false), C2)) -> Alcremie | F2: =TRIM(A2) -> Decorate | G2: =TRIM(A3) -> Baby-Doll Eyes | H2: =TRIM(A4) -> Calm Mind | I2: =TRIM(A5) -> Draining Kiss | J2: =A31 -> Fairy | K2: =TRIM(A37) -> Alcremie-Matcha-Cream
A3: Baby-Doll Eyes | C3: =TRIM(A6) -> Weavile | D3: =IFERROR(VLOOKUP(C3, FormFixes, 2, false), C3) -> Weavile | E3: =IF(ISBLANK(VLOOKUP(C3, FormFixes, 3, false)), C3, IFERROR(VLOOKUP(C3, FormFixes, 3, false), C3)) -> Weavile | F3: =TRIM(A7) -> Fake Out | G3: =TRIM(A8) -> Ice Spinner | H3: =TRIM(A9) -> Protect | I3: =TRIM(A10) -> Foul Play | J3: =A32 -> Ice | K3: =TRIM(A38) -> Weavile
A4: Calm Mind | C4: =TRIM(A11) -> Skeledirge | D4: =IFERROR(VLOOKUP(C4, FormFixes, 2, false), C4) -> Skeledirge | E4: =IF(ISBLANK(VLOOKUP(C4, FormFixes, 3, false)), C4, IFERROR(VLOOKUP(C4, FormFixes, 3, false), C4)) -> Skeledirge | F4: =TRIM(A12) -> Torch Song | G4: =TRIM(A13) -> Protect | H4: =TRIM(A14) -> Will-O-Wisp | I4: =TRIM(A15) -> Tera Blast | J4: =A33 -> Grass | K4: =TRIM(A39) -> Skeledirge
A5: Draining Kiss | C5: =TRIM(A16) -> Gholdengo | D5: =IFERROR(VLOOKUP(C5, FormFixes, 2, false), C5) -> Gholdengo | E5: =IF(ISBLANK(VLOOKUP(C5, FormFixes, 3, false)), C5, IFERROR(VLOOKUP(C5, FormFixes, 3, false), C5)) -> Gholdengo | F5: =TRIM(A17) -> Make It Rain | G5: =TRIM(A18) -> Flash Cannon | H5: =TRIM(A19) -> Shadow Ball | I5: =TRIM(A20) -> Power Gem | J5: =A34 -> Steel | K5: =TRIM(A40) -> Gholdengo
A6: Weavile | C6: =TRIM(A21) -> Exeggutor-Alola | D6: =IFERROR(VLOOKUP(C6, FormFixes, 2, false), C6) -> Alolan Exeggutor | E6: =IF(ISBLANK(VLOOKUP(C6, FormFixes, 3, false)), C6, IFERROR(VLOOKUP(C6, FormFixes, 3, false), C6)) -> Exeggutor | F6: =TRIM(A22) -> Energy Ball | G6: =TRIM(A23) -> Draco Meteor | H6: =TRIM(A24) -> Ancient Power | I6: =TRIM(A25) -> Sunny Day | J6: =A35 -> Grass | K6: =TRIM(A41) -> Exeggutor-Alola
A7: Fake Out | C7: =TRIM(A26) -> Salamence | D7: =IFERROR(VLOOKUP(C7, FormFixes, 2, false), C7) -> Salamence | E7: =IF(ISBLANK(VLOOKUP(C7, FormFixes, 3, false)), C7, IFERROR(VLOOKUP(C7, FormFixes, 3, false), C7)) -> Salamence | F7: =TRIM(A27) -> Dragon Dance | G7: =TRIM(A28) -> Protect | H7: =TRIM(A29) -> Dragon Claw | I7: =TRIM(A30) -> Dual Wingbeat | J7: =A36 -> Flying | K7: =TRIM(A42) -> Salamence
A8: Ice Spinner | E8: =IFERROR(VLOOKUP(C8, FormFixes, 3, false), C8)
A9: Protect | E9: =IFERROR(VLOOKUP(C9, FormFixes, 3, false), C9)
A10: Foul Play | E10: =IFERROR(VLOOKUP(C10, FormFixes, 3, false), C10)
A11: Skeledirge
A12: Torch Song | C12: -any-
A13: Protect | C13: {=SORT(C2:C7)} -> Alcremie-Matcha-Cream
A14: Will-O-Wisp | C14: Exeggutor-Alola
A15: Tera Blast | C15: Gholdengo
A16: Gholdengo | C16: Salamence
A17: Make It Rain | C17: Skeledirge | E17: Showdown Names Clean | F17: =TRIM(HomePage!G6) -> Tacodad | G17: =TRIM(HomePage!H6) | H17: =TRIM(HomePage!I6) | I17: =TRIM(HomePage!J6) | J17: =TRIM(HomePage!K6)
A18: Flash Cannon | C18: Weavile
A19: Shadow Ball
A20: Power Gem
A21: Exeggutor-Alola
A22: Energy Ball
A23: Draco Meteor
A24: Ancient Power
A25: Sunny Day
A26: Salamence
A27: Dragon Dance
A28: Protect
A29: Dragon Claw
A30: Dual Wingbeat
... A42: Salamence

Sheet Game By Game
B1: ← Hit the + to filter your games! | AD1: Press the [ - ] to collapse
O2: Player | T2: Opponent
O3: Lead | P3: -any- | T3: Lead | U3: -any-
C4: Result | E4: -any- | F4: Opposing Pokemon | I4: -any- | O4: Back | P4: -any- | T4: Back | U4: -any- | Z4: -any- | AD4: -any-
C5: =IF(HomePage!G8 = "https://pokepast.es/df44831dd6e19bf2", "WARNING: You may have forgotten to upate your Pokepaste on the HomePage", IF(HomePage!G6 = "Bauerdad", "WARNING: You may have forgotten your Showdown Username on the HomePage", "")) | Z5: Terastallize | AD5: OTS? | AE5: ELO
B7: Game | C7: Result | F7: Opposing Team | O7: Your Picks | T7: Their Picks | Z7: You | AB7: Opp | AE7: You | AF7: Opp
B8: ='GBG Filtered'!A2 -> 1 | C8: ='GBG Filtered'!B2 -> Loss | D8: ='GBG Filtered'!C2 -> vs | E8: ='GBG Filtered'!D2 -> DoByG | F8: =IF('GBG Filtered'!E2 <> "", VLOOKUP(IFERROR(VLOOKUP('GBG Filtered'!E2, FormFixes, 2, false), 'GBG Filtered'!E2), PokemonIcons, 2, False), "") -> #REF! | G8: =IF('GBG Filtered'!F2 <> "", VLOOKUP(IFERROR(VLOOKUP('GBG Filtered'!F2, FormFixes, 2, false), 'GBG Filtered'!F2), PokemonIcons, 2, False), "") -> #REF! | H8: =IF('GBG Filtered'!G2 <> "", VLOOKUP(IFERROR(VLOOKUP('GBG Filtered'!G2, FormFixes, 2, false), 'GBG Filtered'!G2), PokemonIcons, 2, False), "") -> #REF! | I8: =IF('GBG Filtered'!H2 <> "", VLOOKUP(IFERROR(VLOOKUP('GBG Filtered'!H2, FormFixes, 2, false), 'GBG Filtered'!H2), PokemonIcons, 2, False), "") -> #REF! | J8: =IF('GBG Filtered'!I2 <> "", VLOOKUP(IFERROR(VLOOKUP('GBG Filtered'!I2, FormFixes, 2, false), 'GBG Filtered'!I2), PokemonIcons, 2, False), "") -> #REF! | K8: =IF('GBG Filtered'!J2 <> "", VLOOKUP(IFERROR(VLOOKUP('GBG Filtered'!J2, FormFixes, 2, false), 'GBG Filtered'!J2), PokemonIcons, 2, False), "") -> #REF! | O8: =IF('GBG Filtered'!N2 <> "", VLOOKUP(IFERROR(VLOOKUP('GBG Filtered'!N2, FormFixes, 2, false), 'GBG Filtered'!N2), PokemonIcons, 2, False), "") -> #REF! | P8: =IF('GBG Filtered'!O2 <> "", VLOOKUP(IFERROR(VLOOKUP('GBG Filtered'!O2, FormFixes, 2, false), 'GBG Filtered'!O2), PokemonIcons, 2, False), "") -> #REF! | Q8: =IF('GBG Filtered'!P2 <> "", VLOOKUP(IFERROR(VLOOKUP('GBG Filtered'!P2, FormFixes, 2, false), 'GBG Filtered'!P2), PokemonIcons, 2, False), "") -> #REF! | R8: =IF('GBG Filtered'!Q2 <> "", VLOOKUP(IFERROR(VLOOKUP('GBG Filtered'!Q2, FormFixes, 2, false), 'GBG Filtered'!Q2), PokemonIcons, 2, False), "") -> #REF! | T8: =IF('GBG Filtered'!S2 <> "", VLOOKUP(IFERROR(VLOOKUP('GBG Filtered'!S2, FormFixes, 2, false), 'GBG Filtered'!S2), PokemonIcons, 2, False), "") -> #REF! | U8: =IF('GBG Filtered'!T2 <> "", VLOOKUP(IFERROR(VLOOKUP('GBG Filtered'!T2, FormFixes, 2, false), 'GBG Filtered'!T2), PokemonIcons, 2, False), "") -> #REF! | V8: =IF('GBG Filtered'!U2 <> "", VLOOKUP(IFERROR(VLOOKUP('GBG Filtered'!U2, FormFixes, 2, false), 'GBG Filtered'!U2), PokemonIcons, 2, False), "") -> #REF! | W8: =IF('GBG Filtered'!V2 <> "", VLOOKUP(IFERROR(VLOOKUP('GBG Filtered'!V2, FormFixes, 2, false), 'GBG Filtered'!V2), PokemonIcons, 2, False), "") -> #REF! | Z8: =IF('GBG Filtered'!Y2 <> "", VLOOKUP(IFERROR(VLOOKUP('GBG Filtered'!Y2, FormFixes, 2, false), 'GBG Filtered'!Y2), PokemonIcons, 2, False), "") -> #REF! | AA8: =IF('GBG Filtered'!Z2 <> "", VLOOKUP('GBG Filtered'!Z2, TypeIcons, 2, False), "") -> #REF! | AB8: =IF('GBG Filtered'!AA2 <> "", VLOOKUP(IFERROR(VLOOKUP('GBG Filtered'!AA2, FormFixes, 2, false), 'GBG Filtered'!AA2), PokemonIcons, 2, False), "") -> #REF! | AC8: =IF('GBG Filtered'!AB2 <> "", VLOOKUP('GBG Filtered'!AB2, TypeIcons, 2, False), "") -> #REF! | AD8: ='GBG Filtered'!AC2 | AE8: ='GBG Filtered'!AD2 -> 1032 -> 1017 | AF8: ='GBG Filtered'!AE2 -> 1037
B9: ='GBG Filtered'!A3 -> 2 | C9: ='GBG Filtered'!B3 -> Loss | D9: ='GBG Filtered'!C3 -> vs | E9: ='GBG Filtered'!D3 -> diogo10egas | F9: =IF('GBG Filtered'!E3 <> "", VLOOKUP(IFERROR(VLOOKUP('GBG Filtered'!E3, FormFixes, 2, false), 'GBG Filtered'!E3), PokemonIcons, 2, False), "") -> #REF! | G9: =IF('GBG Filtered'!F3 <> "", VLOOKUP(IFERROR(VLOOKUP('GBG Filtered'!F3, FormFixes, 2, false), 'GBG Filtered'!F3), PokemonIcons, 2, False), "") -> #REF! | H9: =IF('GBG Filtered'!G3 <> "", VLOOKUP(IFERROR(VLOOKUP('GBG Filtered'!G3, FormFixes, 2, false), 'GBG Filtered'!G3), PokemonIcons, 2, False), "") -> #REF! | I9: =IF('GBG Filtered'!H3 <> "", VLOOKUP(IFERROR(VLOOKUP('GBG Filtered'!H3, FormFixes, 2, false), 'GBG Filtered'!H3), PokemonIcons, 2, False), "") -> #REF! | J9: =IF('GBG Filtered'!I3 <> "", VLOOKUP(IFERROR(VLOOKUP('GBG Filtered'!I3, FormFixes, 2, false), 'GBG Filtered'!I3), PokemonIcons, 2, False), "") -> #REF! | K9: =IF('GBG Filtered'!J3 <> "", VLOOKUP(IFERROR(VLOOKUP('GBG Filtered'!J3, FormFixes, 2, false), 'GBG Filtered'!J3), PokemonIcons, 2, False), "") -> #REF! | O9: =IF('GBG Filtered'!N3 <> "", VLOOKUP(IFERROR(VLOOKUP('GBG Filtered'!N3, FormFixes, 2, false), 'GBG Filtered'!N3), PokemonIcons, 2, False), "") -> #REF! | P9: =IF('GBG Filtered'!O3 <> "", VLOOKUP(IFERROR(VLOOKUP('GBG Filtered'!O3, FormFixes, 2, false), 'GBG Filtered'!O3), PokemonIcons, 2, False), "") -> #REF! | Q9: =IF('GBG Filtered'!P3 <> "", VLOOKUP(IFERROR(VLOOKUP('GBG Filtered'!P3, FormFixes, 2, false), 'GBG Filtered'!P3), PokemonIcons, 2, False), "") -> #REF! | R9: =IF('GBG Filtered'!Q3 <> "", VLOOKUP(IFERROR(VLOOKUP('GBG Filtered'!Q3, FormFixes, 2, false), 'GBG Filtered'!Q3), PokemonIcons, 2, False), "") -> #REF! | T9: =IF('GBG Filtered'!S3 <> "", VLOOKUP(IFERROR(VLOOKUP('GBG Filtered'!S3, FormFixes, 2, false), 'GBG Filtered'!S3), PokemonIcons, 2, False), "") -> #REF! | U9: =IF('GBG Filtered'!T3 <> "", VLOOKUP(IFERROR(VLOOKUP('GBG Filtered'!T3, FormFixes, 2, false), 'GBG Filtered'!T3), PokemonIcons, 2, False), "") -> #REF! | V9: =IF('GBG Filtered'!U3 <> "", VLOOKUP(IFERROR(VLOOKUP('GBG Filtered'!U3, FormFixes, 2, false), 'GBG Filtered'!U3), PokemonIcons, 2, False), "") -> #REF! | W9: =IF('GBG Filtered'!V3 <> "", VLOOKUP(IFERROR(VLOOKUP('GBG Filtered'!V3, FormFixes, 2, false), 'GBG Filtered'!V3), PokemonIcons, 2, False), "") -> #REF! | Z9: =IF('GBG Filtered'!Y3 <> "", VLOOKUP(IFERROR(VLOOKUP('GBG Filtered'!Y3, FormFixes, 2, false), 'GBG Filtered'!Y3), PokemonIcons, 2, False), "") -> #REF! | AA9: =IF('GBG Filtered'!Z3 <> "", VLOOKUP('GBG Filtered'!Z3, TypeIcons, 2, False), "") -> #REF! | AB9: =IF('GBG Filtered'!AA3 <> "", VLOOKUP(IFERROR(VLOOKUP('GBG Filtered'!AA3, FormFixes, 2, false), 'GBG Filtered'!AA3), PokemonIcons, 2, False), "") -> #REF! | AC9: =IF('GBG Filtered'!AB3 <> "", VLOOKUP('GBG Filtered'!AB3, TypeIcons, 2, False), "") -> #REF! | AD9: ='GBG Filtered'!AC3 | AE9: ='GBG Filtered'!AD3 -> 1017 -> 1007 | AF9: ='GBG Filtered'!AE3 -> 1076
B10: ='GBG Filtered'!A4 -> 3 | C10: ='GBG Filtered'!B4 -> Loss | D10: ='GBG Filtered'!C4 -> vs | E10: ='GBG Filtered'!D4 -> Larateamo | F10: =IF('GBG Filtered'!E4 <> "", VLOOKUP(IFERROR(VLOOKUP('GBG Filtered'!E4, FormFixes, 2, false), 'GBG Filtered'!E4), PokemonIcons, 2, False), "") -> #REF! | G10: =IF('GBG Filtered'!F4 <> "", VLOOKUP(IFERROR(VLOOKUP('GBG Filtered'!F4, FormFixes, 2, false), 'GBG Filtered'!F4), PokemonIcons, 2, False), "") -> #REF! | H10: =IF('GBG Filtered'!G4 <> "", VLOOKUP(IFERROR(VLOOKUP('GBG Filtered'!G4, FormFixes, 2, false), 'GBG Filtered'!G4), PokemonIcons, 2, False), "") -> #REF! | I10: =IF('GBG Filtered'!H4 <> "", VLOOKUP(IFERROR(VLOOKUP('GBG Filtered'!H4, FormFixes, 2, false), 'GBG Filtered'!H4), PokemonIcons, 2, False), "") -> #REF! | J10: =IF('GBG Filtered'!I4 <> "", VLOOKUP(IFERROR(VLOOKUP('GBG Filtered'!I4, FormFixes, 2, false), 'GBG Filtered'!I4), PokemonIcons, 2, False), "") -> #REF! | K10: =IF('GBG Filtered'!J4 <> "", VLOOKUP(IFERROR(VLOOKUP('GBG Filtered'!J4, FormFixes, 2, false), 'GBG Filtered'!J4), PokemonIcons, 2, False), "") -> #REF! | O10: =IF('GBG Filtered'!N4 <> "", VLOOKUP(IFERROR(VLOOKUP('GBG Filtered'!N4, FormFixes, 2, false), 'GBG Filtered'!N4), PokemonIcons, 2, False), "") -> #REF! | P10: =IF('GBG Filtered'!O4 <> "", VLOOKUP(IFERROR(VLOOKUP('GBG Filtered'!O4, FormFixes, 2, false), 'GBG Filtered'!O4), PokemonIcons, 2, False), "") -> #REF! | Q10: =IF('GBG Filtered'!P4 <> "", VLOOKUP(IFERROR(VLOOKUP('GBG Filtered'!P4, FormFixes, 2, false), 'GBG Filtered'!P4), PokemonIcons, 2, False), "") -> #REF! | R10: =IF('GBG Filtered'!Q4 <> "", VLOOKUP(IFERROR(VLOOKUP('GBG Filtered'!Q4, FormFixes, 2, false), 'GBG Filtered'!Q4), PokemonIcons, 2, False), "") -> #REF! | T10: =IF('GBG Filtered'!S4 <> "", VLOOKUP(IFERROR(VLOOKUP('GBG Filtered'!S4, FormFixes, 2, false), 'GBG Filtered'!S4), PokemonIcons, 2, False), "") -> #REF! | U10: =IF('GBG Filtered'!T4 <> "", VLOOKUP(IFERROR(VLOOKUP('GBG Filtered'!T4, FormFixes, 2, false), 'GBG Filtered'!T4), PokemonIcons, 2, False), "") -> #REF! | V10: =IF('GBG Filtered'!U4 <> "", VLOOKUP(IFERROR(VLOOKUP('GBG Filtered'!U4, FormFixes, 2, false), 'GBG Filtered'!U4), PokemonIcons, 2, False), "") -> #REF! | W10: =IF('GBG Filtered'!V4 <> "", VLOOKUP(IFERROR(VLOOKUP('GBG Filtered'!V4, FormFixes, 2, false), 'GBG Filtered'!V4), PokemonIcons, 2, False), "") -> #REF! | Z10: =IF('GBG Filtered'!Y4 <> "", VLOOKUP(IFERROR(VLOOKUP('GBG Filtered'!Y4, FormFixes, 2, false), 'GBG Filtered'!Y4), PokemonIcons, 2, False), "") -> #REF! | AA10: =IF('GBG Filtered'!Z4 <> "", VLOOKUP('GBG Filtered'!Z4, TypeIcons, 2, False), "") -> #REF! | AB10: =IF('GBG Filtered'!AA4 <> "", VLOOKUP(IFERROR(VLOOKUP('GBG Filtered'!AA4, FormFixes, 2, false), 'GBG Filtered'!AA4), PokemonIcons, 2, False), "") -> #REF! | AC10: =IF('GBG Filtered'!AB4 <> "", VLOOKUP('GBG Filtered'!AB4, TypeIcons, 2, False), "") -> #REF! | AD10: ='GBG Filtered'!AC4 | AE10: ='GBG Filtered'!AD4 -> 1007 -> 1000 | AF10: ='GBG Filtered'!AE4 -> 1000
B11: ='GBG Filtered'!A5 -> 4 | C11: ='GBG Filtered'!B5 -> Loss | D11: ='GBG Filtered'!C5 -> vs | E11: ='GBG Filtered'!D5 -> thaoss | F11: =IF('GBG Filtered'!E5 <> "", VLOOKUP(IFERROR(VLOOKUP('GBG Filtered'!E5, FormFixes, 2, false), 'GBG Filtered'!E5), PokemonIcons, 2, False), "") -> #REF! | G11: =IF('GBG Filtered'!F5 <> "", VLOOKUP(IFERROR(VLOOKUP('GBG Filtered'!F5, FormFixes, 2, false), 'GBG Filtered'!F5), PokemonIcons, 2, False), "") -> #REF! | H11: =IF('GBG Filtered'!G5 <> "", VLOOKUP(IFERROR(VLOOKUP('GBG Filtered'!G5, FormFixes, 2, false), 'GBG Filtered'!G5), PokemonIcons, 2, False), "") -> #REF! | I11: =IF('GBG Filtered'!H5 <> "", VLOOKUP(IFERROR(VLOOKUP('GBG Filtered'!H5, FormFixes, 2, false), 'GBG Filtered'!H5), PokemonIcons, 2, False), "") -> #REF! | J11: =IF('GBG Filtered'!I5 <> "", VLOOKUP(IFERROR(VLOOKUP('GBG Filtered'!I5, FormFixes, 2, false), 'GBG Filtered'!I5), PokemonIcons, 2, False), "") -> #REF! | K11: =IF('GBG Filtered'!J5 <> "", VLOOKUP(IFERROR(VLOOKUP('GBG Filtered'!J5, FormFixes, 2, false), 'GBG Filtered'!J5), PokemonIcons, 2, False), "") -> #REF! | O11: =IF('GBG Filtered'!N5 <> "", VLOOKUP(IFERROR(VLOOKUP('GBG Filtered'!N5, FormFixes, 2, false), 'GBG Filtered'!N5), PokemonIcons, 2, False), "") -> #REF! | P11: =IF('GBG Filtered'!O5 <> "", VLOOKUP(IFERROR(VLOOKUP('GBG Filtered'!O5, FormFixes, 2, false), 'GBG Filtered'!O5), PokemonIcons, 2, False), "") -> #REF! | Q11: =IF('GBG Filtered'!P5 <> "", VLOOKUP(IFERROR(VLOOKUP('GBG Filtered'!P5, FormFixes, 2, false), 'GBG Filtered'!P5), PokemonIcons, 2, False), "") -> #REF! | R11: =IF('GBG Filtered'!Q5 <> "", VLOOKUP(IFERROR(VLOOKUP('GBG Filtered'!Q5, FormFixes, 2, false), 'GBG Filtered'!Q5), PokemonIcons, 2, False), "") -> #REF! | T11: =IF('GBG Filtered'!S5 <> "", VLOOKUP(IFERROR(VLOOKUP('GBG Filtered'!S5, FormFixes, 2, false), 'GBG Filtered'!S5), PokemonIcons, 2, False), "") -> #REF! | U11: =IF('GBG Filtered'!T5 <> "", VLOOKUP(IFERROR(VLOOKUP('GBG Filtered'!T5, FormFixes, 2, false), 'GBG Filtered'!T5), PokemonIcons, 2, False), "") -> #REF! | V11: =IF('GBG Filtered'!U5 <> "", VLOOKUP(IFERROR(VLOOKUP('GBG Filtered'!U5, FormFixes, 2, false), 'GBG Filtered'!U5), PokemonIcons, 2, False), "") -> #REF! | W11: =IF('GBG Filtered'!V5 <> "", VLOOKUP(IFERROR(VLOOKUP('GBG Filtered'!V5, FormFixes, 2, false), 'GBG Filtered'!V5), PokemonIcons, 2, False), "") -> #REF! | Z11: =IF('GBG Filtered'!Y5 <> "", VLOOKUP(IFERROR(VLOOKUP('GBG Filtered'!Y5, FormFixes, 2, false), 'GBG Filtered'!Y5), PokemonIcons, 2, False), "") -> #REF! | AA11: =IF('GBG Filtered'!Z5 <> "", VLOOKUP('GBG Filtered'!Z5, TypeIcons, 2, False), "") -> #REF! | AB11: =IF('GBG Filtered'!AA5 <> "", VLOOKUP(IFERROR(VLOOKUP('GBG Filtered'!AA5, FormFixes, 2, false), 'GBG Filtered'!AA5), PokemonIcons, 2, False), "") -> #REF! | AC11: =IF('GBG Filtered'!AB5 <> "", VLOOKUP('GBG Filtered'!AB5, TypeIcons, 2, False), "") -> #REF! | AD11: ='GBG Filtered'!AC5 | AE11: ='GBG Filtered'!AD5 -> 1000 -> 1000 | AF11: ='GBG Filtered'!AE5 -> 1000
B12: ='GBG Filtered'!A6 | C12: ='GBG Filtered'!B6 | D12: ='GBG Filtered'!C6 | E12: ='GBG Filtered'!D6 | F12: =IF('GBG Filtered'!E6 <> "", VLOOKUP(IFERROR(VLOOKUP('GBG Filtered'!E6, FormFixes, 2, false), 'GBG Filtered'!E6), PokemonIcons, 2, False), "") | G12: =IF('GBG Filtered'!F6 <> "", VLOOKUP(IFERROR(VLOOKUP('GBG Filtered'!F6, FormFixes, 2, false), 'GBG Filtered'!F6), PokemonIcons, 2, False), "") | H12: =IF('GBG Filtered'!G6 <> "", VLOOKUP(IFERROR(VLOOKUP('GBG Filtered'!G6, FormFixes, 2, false), 'GBG Filtered'!G6), PokemonIcons, 2, False), "") | I12: =IF('GBG Filtered'!H6 <> "", VLOOKUP(IFERROR(VLOOKUP('GBG Filtered'!H6, FormFixes, 2, false), 'GBG Filtered'!H6), PokemonIcons, 2, False), "") | J12: =IF('GBG Filtered'!I6 <> "", VLOOKUP(IFERROR(VLOOKUP('GBG Filtered'!I6, FormFixes, 2, false), 'GBG Filtered'!I6), PokemonIcons, 2, False), "") | K12: =IF('GBG Filtered'!J6 <> "", VLOOKUP(IFERROR(VLOOKUP('GBG Filtered'!J6, FormFixes, 2, false), 'GBG Filtered'!J6), PokemonIcons, 2, False), "") | O12: =IF('GBG Filtered'!N6 <> "", VLOOKUP(IFERROR(VLOOKUP('GBG Filtered'!N6, FormFixes, 2, false), 'GBG Filtered'!N6), PokemonIcons, 2, False), "") | P12: =IF('GBG Filtered'!O6 <> "", VLOOKUP(IFERROR(VLOOKUP('GBG Filtered'!O6, FormFixes, 2, false), 'GBG Filtered'!O6), PokemonIcons, 2, False), "") | Q12: =IF('GBG Filtered'!P6 <> "", VLOOKUP(IFERROR(VLOOKUP('GBG Filtered'!P6, FormFixes, 2, false), 'GBG Filtered'!P6), PokemonIcons, 2, False), "") | R12: =IF('GBG Filtered'!Q6 <> "", VLOOKUP(IFERROR(VLOOKUP('GBG Filtered'!Q6, FormFixes, 2, false), 'GBG Filtered'!Q6), PokemonIcons, 2, False), "") | T12: =IF('GBG Filtered'!S6 <> "", VLOOKUP(IFERROR(VLOOKUP('GBG Filtered'!S6, FormFixes, 2, false), 'GBG Filtered'!S6), PokemonIcons, 2, False), "") | U12: =IF('GBG Filtered'!T6 <> "", VLOOKUP(IFERROR(VLOOKUP('GBG Filtered'!T6, FormFixes, 2, false), 'GBG Filtered'!T6), PokemonIcons, 2, False), "") | V12: =IF('GBG Filtered'!U6 <> "", VLOOKUP(IFERROR(VLOOKUP('GBG Filtered'!U6, FormFixes, 2, false), 'GBG Filtered'!U6), PokemonIcons, 2, False), "") | W12: =IF('GBG Filtered'!V6 <> "", VLOOKUP(IFERROR(VLOOKUP('GBG Filtered'!V6, FormFixes, 2, false), 'GBG Filtered'!V6), PokemonIcons, 2, False), "") | Z12: =IF('GBG Filtered'!Y6 <> "", VLOOKUP(IFERROR(VLOOKUP('GBG Filtered'!Y6, FormFixes, 2, false), 'GBG Filtered'!Y6), PokemonIcons, 2, False), "") | AA12: =IF('GBG Filtered'!Z6 <> "", VLOOKUP('GBG Filtered'!Z6, TypeIcons, 2, False), "") | AB12: =IF('GBG Filtered'!AA6 <> "", VLOOKUP(IFERROR(VLOOKUP('GBG Filtered'!AA6, FormFixes, 2, false), 'GBG Filtered'!AA6), PokemonIcons, 2, False), "") | AC12: =IF('GBG Filtered'!AB6 <> "", VLOOKUP('GBG Filtered'!AB6, TypeIcons, 2, False), "") | AD12: ='GBG Filtered'!AC6 | AE12: ='GBG Filtered'!AD6 | AF12: ='GBG Filtered'!AE6
B13: ='GBG Filtered'!A7 | C13: ='GBG Filtered'!B7 | D13: ='GBG Filtered'!C7 | E13: ='GBG Filtered'!D7 | F13: =IF('GBG Filtered'!E7 <> "", VLOOKUP(IFERROR(VLOOKUP('GBG Filtered'!E7, FormFixes, 2, false), 'GBG Filtered'!E7), PokemonIcons, 2, False), "") | G13: =IF('GBG Filtered'!F7 <> "", VLOOKUP(IFERROR(VLOOKUP('GBG Filtered'!F7, FormFixes, 2, false), 'GBG Filtered'!F7), PokemonIcons, 2, False), "") | H13: =IF('GBG Filtered'!G7 <> "", VLOOKUP(IFERROR(VLOOKUP('GBG Filtered'!G7, FormFixes, 2, false), 'GBG Filtered'!G7), PokemonIcons, 2, False), "") | I13: =IF('GBG Filtered'!H7 <> "", VLOOKUP(IFERROR(VLOOKUP('GBG Filtered'!H7, FormFixes, 2, false), 'GBG Filtered'!H7), PokemonIcons, 2, False), "") | J13: =IF('GBG Filtered'!I7 <> "", VLOOKUP(IFERROR(VLOOKUP('GBG Filtered'!I7, FormFixes, 2, false), 'GBG Filtered'!I7), PokemonIcons, 2, False), "") | K13: =IF('GBG Filtered'!J7 <> "", VLOOKUP(IFERROR(VLOOKUP('GBG Filtered'!J7, FormFixes, 2, false), 'GBG Filtered'!J7), PokemonIcons, 2, False), "") | O13: =IF('GBG Filtered'!N7 <> "", VLOOKUP(IFERROR(VLOOKUP('GBG Filtered'!N7, FormFixes, 2, false), 'GBG Filtered'!N7), PokemonIcons, 2, False), "") | P13: =IF('GBG Filtered'!O7 <> "", VLOOKUP(IFERROR(VLOOKUP('GBG Filtered'!O7, FormFixes, 2, false), 'GBG Filtered'!O7), PokemonIcons, 2, False), "") | Q13: =IF('GBG Filtered'!P7 <> "", VLOOKUP(IFERROR(VLOOKUP('GBG Filtered'!P7, FormFixes, 2, false), 'GBG Filtered'!P7), PokemonIcons, 2, False), "") | R13: =IF('GBG Filtered'!Q7 <> "", VLOOKUP(IFERROR(VLOOKUP('GBG Filtered'!Q7, FormFixes, 2, false), 'GBG Filtered'!Q7), PokemonIcons, 2, False), "") | T13: =IF('GBG Filtered'!S7 <> "", VLOOKUP(IFERROR(VLOOKUP('GBG Filtered'!S7, FormFixes, 2, false), 'GBG Filtered'!S7), PokemonIcons, 2, False), "") | U13: =IF('GBG Filtered'!T7 <> "", VLOOKUP(IFERROR(VLOOKUP('GBG Filtered'!T7, FormFixes, 2, false), 'GBG Filtered'!T7), PokemonIcons, 2, False), "") | V13: =IF('GBG Filtered'!U7 <> "", VLOOKUP(IFERROR(VLOOKUP('GBG Filtered'!U7, FormFixes, 2, false), 'GBG Filtered'!U7), PokemonIcons, 2, False), "") | W13: =IF('GBG Filtered'!V7 <> "", VLOOKUP(IFERROR(VLOOKUP('GBG Filtered'!V7, FormFixes, 2, false), 'GBG Filtered'!V7), PokemonIcons, 2, False), "") | Z13: =IF('GBG Filtered'!Y7 <> "", VLOOKUP(IFERROR(VLOOKUP('GBG Filtered'!Y7, FormFixes, 2, false), 'GBG Filtered'!Y7), PokemonIcons, 2, False), "") | AA13: =IF('GBG Filtered'!Z7 <> "", VLOOKUP('GBG Filtered'!Z7, TypeIcons, 2, False), "") | AB13: =IF('GBG Filtered'!AA7 <> "", VLOOKUP(IFERROR(VLOOKUP('GBG Filtered'!AA7, FormFixes, 2, false), 'GBG Filtered'!AA7), PokemonIcons, 2, False), "") | AC13: =IF('GBG Filtered'!AB7 <> "", VLOOKUP('GBG Filtered'!AB7, TypeIcons, 2, False), "") | AD13: ='GBG Filtered'!AC7 | AE13: ='GBG Filtered'!AD7 | AF13: ='GBG Filtered'!AE7
B14: ='GBG Filtered'!A8 | C14: ='GBG Filtered'!B8 | D14: ='GBG Filtered'!C8 | E14: ='GBG Filtered'!D8 | F14: =IF('GBG Filtered'!E8 <> "", VLOOKUP(IFERROR(VLOOKUP('GBG Filtered'!E8, FormFixes, 2, false), 'GBG Filtered'!E8), PokemonIcons, 2, False), "") | G14: =IF('GBG Filtered'!F8 <> "", VLOOKUP(IFERROR(VLOOKUP('GBG Filtered'!F8, FormFixes, 2, false), 'GBG Filtered'!F8), PokemonIcons, 2, False), "") | H14: =IF('GBG Filtered'!G8 <> "", VLOOKUP(IFERROR(VLOOKUP('GBG Filtered'!G8, FormFixes, 2, false), 'GBG Filtered'!G8), PokemonIcons, 2, False), "") | I14: =IF('GBG Filtered'!H8 <> "", VLOOKUP(IFERROR(VLOOKUP('GBG Filtered'!H8, FormFixes, 2, false), 'GBG Filtered'!H8), PokemonIcons, 2, False), "") | J14: =IF('GBG Filtered'!I8 <> "", VLOOKUP(IFERROR(VLOOKUP('GBG Filtered'!I8, FormFixes, 2, false), 'GBG Filtered'!I8), PokemonIcons, 2, False), "") | K14: =IF('GBG Filtered'!J8 <> "", VLOOKUP(IFERROR(VLOOKUP('GBG Filtered'!J8, FormFixes, 2, false), 'GBG Filtered'!J8), PokemonIcons, 2, False), "") | O14: =IF('GBG Filtered'!N8 <> "", VLOOKUP(IFERROR(VLOOKUP('GBG Filtered'!N8, FormFixes, 2, false), 'GBG Filtered'!N8), PokemonIcons, 2, False), "") | P14: =IF('GBG Filtered'!O8 <> "", VLOOKUP(IFERROR(VLOOKUP('GBG Filtered'!O8, FormFixes, 2, false), 'GBG Filtered'!O8), PokemonIcons, 2, False), "") | Q14: =IF('GBG Filtered'!P8 <> "", VLOOKUP(IFERROR(VLOOKUP('GBG Filtered'!P8, FormFixes, 2, false), 'GBG Filtered'!P8), PokemonIcons, 2, False), "") | R14: =IF('GBG Filtered'!Q8 <> "", VLOOKUP(IFERROR(VLOOKUP('GBG Filtered'!Q8, FormFixes, 2, false), 'GBG Filtered'!Q8), PokemonIcons, 2, False), "") | T14: =IF('GBG Filtered'!S8 <> "", VLOOKUP(IFERROR(VLOOKUP('GBG Filtered'!S8, FormFixes, 2, false), 'GBG Filtered'!S8), PokemonIcons, 2, False), "") | U14: =IF('GBG Filtered'!T8 <> "", VLOOKUP(IFERROR(VLOOKUP('GBG Filtered'!T8, FormFixes, 2, false), 'GBG Filtered'!T8), PokemonIcons, 2, False), "") | V14: =IF('GBG Filtered'!U8 <> "", VLOOKUP(IFERROR(VLOOKUP('GBG Filtered'!U8, FormFixes, 2, false), 'GBG Filtered'!U8), PokemonIcons, 2, False), "") | W14: =IF('GBG Filtered'!V8 <> "", VLOOKUP(IFERROR(VLOOKUP('GBG Filtered'!V8, FormFixes, 2, false), 'GBG Filtered'!V8), PokemonIcons, 2, False), "") | Z14: =IF('GBG Filtered'!Y8 <> "", VLOOKUP(IFERROR(VLOOKUP('GBG Filtered'!Y8, FormFixes, 2, false), 'GBG Filtered'!Y8), PokemonIcons, 2, False), "") | AA14: =IF('GBG Filtered'!Z8 <> "", VLOOKUP('GBG Filtered'!Z8, TypeIcons, 2, False), "") | AB14: =IF('GBG Filtered'!AA8 <> "", VLOOKUP(IFERROR(VLOOKUP('GBG Filtered'!AA8, FormFixes, 2, false), 'GBG Filtered'!AA8), PokemonIcons, 2, False), "") | AC14: =IF('GBG Filtered'!AB8 <> "", VLOOKUP('GBG Filtered'!AB8, TypeIcons, 2, False), "") | AD14: ='GBG Filtered'!AC8 | AE14: ='GBG Filtered'!AD8 | AF14: ='GBG Filtered'!AE8
B15: ='GBG Filtered'!A9 | C15: ='GBG Filtered'!B9 | D15: ='GBG Filtered'!C9 | E15: ='GBG Filtered'!D9 | F15: =IF('GBG Filtered'!E9 <> "", VLOOKUP(IFERROR(VLOOKUP('GBG Filtered'!E9, FormFixes, 2, false), 'GBG Filtered'!E9), PokemonIcons, 2, False), "") | G15: =IF('GBG Filtered'!F9 <> "", VLOOKUP(IFERROR(VLOOKUP('GBG Filtered'!F9, FormFixes, 2, false), 'GBG Filtered'!F9), PokemonIcons, 2, False), "") | H15: =IF('GBG Filtered'!G9 <> "", VLOOKUP(IFERROR(VLOOKUP('GBG Filtered'!G9, FormFixes, 2, false), 'GBG Filtered'!G9), PokemonIcons, 2, False), "") | I15: =IF('GBG Filtered'!H9 <> "", VLOOKUP(IFERROR(VLOOKUP('GBG Filtered'!H9, FormFixes, 2, false), 'GBG Filtered'!H9), PokemonIcons, 2, False), "") | J15: =IF('GBG Filtered'!I9 <> "", VLOOKUP(IFERROR(VLOOKUP('GBG Filtered'!I9, FormFixes, 2, false), 'GBG Filtered'!I9), PokemonIcons, 2, False), "") | K15: =IF('GBG Filtered'!J9 <> "", VLOOKUP(IFERROR(VLOOKUP('GBG Filtered'!J9, FormFixes, 2, false), 'GBG Filtered'!J9), PokemonIcons, 2, False), "") | O15: =IF('GBG Filtered'!N9 <> "", VLOOKUP(IFERROR(VLOOKUP('GBG Filtered'!N9, FormFixes, 2, false), 'GBG Filtered'!N9), PokemonIcons, 2, False), "") | P15: =IF('GBG Filtered'!O9 <> "", VLOOKUP(IFERROR(VLOOKUP('GBG Filtered'!O9, FormFixes, 2, false), 'GBG Filtered'!O9), PokemonIcons, 2, False), "") | Q15: =IF('GBG Filtered'!P9 <> "", VLOOKUP(IFERROR(VLOOKUP('GBG Filtered'!P9, FormFixes, 2, false), 'GBG Filtered'!P9), PokemonIcons, 2, False), "") | R15: =IF('GBG Filtered'!Q9 <> "", VLOOKUP(IFERROR(VLOOKUP('GBG Filtered'!Q9, FormFixes, 2, false), 'GBG Filtered'!Q9), PokemonIcons, 2, False), "") | T15: =IF('GBG Filtered'!S9 <> "", VLOOKUP(IFERROR(VLOOKUP('GBG Filtered'!S9, FormFixes, 2, false), 'GBG Filtered'!S9), PokemonIcons, 2, False), "") | U15: =IF('GBG Filtered'!T9 <> "", VLOOKUP(IFERROR(VLOOKUP('GBG Filtered'!T9, FormFixes, 2, false), 'GBG Filtered'!T9), PokemonIcons, 2, False), "") | V15: =IF('GBG Filtered'!U9 <> "", VLOOKUP(IFERROR(VLOOKUP('GBG Filtered'!U9, FormFixes, 2, false), 'GBG Filtered'!U9), PokemonIcons, 2, False), "") | W15: =IF('GBG Filtered'!V9 <> "", VLOOKUP(IFERROR(VLOOKUP('GBG Filtered'!V9, FormFixes, 2, false), 'GBG Filtered'!V9), PokemonIcons, 2, False), "") | Z15: =IF('GBG Filtered'!Y9 <> "", VLOOKUP(IFERROR(VLOOKUP('GBG Filtered'!Y9, FormFixes, 2, false), 'GBG Filtered'!Y9), PokemonIcons, 2, False), "") | AA15: =IF('GBG Filtered'!Z9 <> "", VLOOKUP('GBG Filtered'!Z9, TypeIcons, 2, False), "") | AB15: =IF('GBG Filtered'!AA9 <> "", VLOOKUP(IFERROR(VLOOKUP('GBG Filtered'!AA9, FormFixes, 2, false), 'GBG Filtered'!AA9), PokemonIcons, 2, False), "") | AC15: =IF('GBG Filtered'!AB9 <> "", VLOOKUP('GBG Filtered'!AB9, TypeIcons, 2, False), "") | AD15: ='GBG Filtered'!AC9 | AE15: ='GBG Filtered'!AD9 | AF15: ='GBG Filtered'!AE9
B16: ='GBG Filtered'!A10 | C16: ='GBG Filtered'!B10 | D16: ='GBG Filtered'!C10 | E16: ='GBG Filtered'!D10 | F16: =IF('GBG Filtered'!E10 <> "", VLOOKUP(IFERROR(VLOOKUP('GBG Filtered'!E10, FormFixes, 2, false), 'GBG Filtered'!E10), PokemonIcons, 2, False), "") | G16: =IF('GBG Filtered'!F10 <> "", VLOOKUP(IFERROR(VLOOKUP('GBG Filtered'!F10, FormFixes, 2, false), 'GBG Filtered'!F10), PokemonIcons, 2, False), "") | H16: =IF('GBG Filtered'!G10 <> "", VLOOKUP(IFERROR(VLOOKUP('GBG Filtered'!G10, FormFixes, 2, false), 'GBG Filtered'!G10), PokemonIcons, 2, False), "") | I16: =IF('GBG Filtered'!H10 <> "", VLOOKUP(IFERROR(VLOOKUP('GBG Filtered'!H10, FormFixes, 2, false), 'GBG Filtered'!H10), PokemonIcons, 2, False), "") | J16: =IF('GBG Filtered'!I10 <> "", VLOOKUP(IFERROR(VLOOKUP('GBG Filtered'!I10, FormFixes, 2, false), 'GBG Filtered'!I10), PokemonIcons, 2, False), "") | K16: =IF('GBG Filtered'!J10 <> "", VLOOKUP(IFERROR(VLOOKUP('GBG Filtered'!J10, FormFixes, 2, false), 'GBG Filtered'!J10), PokemonIcons, 2, False), "") | O16: =IF('GBG Filtered'!N10 <> "", VLOOKUP(IFERROR(VLOOKUP('GBG Filtered'!N10, FormFixes, 2, false), 'GBG Filtered'!N10), PokemonIcons, 2, False), "") | P16: =IF('GBG Filtered'!O10 <> "", VLOOKUP(IFERROR(VLOOKUP('GBG Filtered'!O10, FormFixes, 2, false), 'GBG Filtered'!O10), PokemonIcons, 2, False), "") | Q16: =IF('GBG Filtered'!P10 <> "", VLOOKUP(IFERROR(VLOOKUP('GBG Filtered'!P10, FormFixes, 2, false), 'GBG Filtered'!P10), PokemonIcons, 2, False), "") | R16: =IF('GBG Filtered'!Q10 <> "", VLOOKUP(IFERROR(VLOOKUP('GBG Filtered'!Q10, FormFixes, 2, false), 'GBG Filtered'!Q10), PokemonIcons, 2, False), "") | T16: =IF('GBG Filtered'!S10 <> "", VLOOKUP(IFERROR(VLOOKUP('GBG Filtered'!S10, FormFixes, 2, false), 'GBG Filtered'!S10), PokemonIcons, 2, False), "") | U16: =IF('GBG Filtered'!T10 <> "", VLOOKUP(IFERROR(VLOOKUP('GBG Filtered'!T10, FormFixes, 2, false), 'GBG Filtered'!T10), PokemonIcons, 2, False), "") | V16: =IF('GBG Filtered'!U10 <> "", VLOOKUP(IFERROR(VLOOKUP('GBG Filtered'!U10, FormFixes, 2, false), 'GBG Filtered'!U10), PokemonIcons, 2, False), "") | W16: =IF('GBG Filtered'!V10 <> "", VLOOKUP(IFERROR(VLOOKUP('GBG Filtered'!V10, FormFixes, 2, false), 'GBG Filtered'!V10), PokemonIcons, 2, False), "") | Z16: =IF('GBG Filtered'!Y10 <> "", VLOOKUP(IFERROR(VLOOKUP('GBG Filtered'!Y10, FormFixes, 2, false), 'GBG Filtered'!Y10), PokemonIcons, 2, False), "") | AA16: =IF('GBG Filtered'!Z10 <> "", VLOOKUP('GBG Filtered'!Z10, TypeIcons, 2, False), "") | AB16: =IF('GBG Filtered'!AA10 <> "", VLOOKUP(IFERROR(VLOOKUP('GBG Filtered'!AA10, FormFixes, 2, false), 'GBG Filtered'!AA10), PokemonIcons, 2, False), "") | AC16: =IF('GBG Filtered'!AB10 <> "", VLOOKUP('GBG Filtered'!AB10, TypeIcons, 2, False), "") | AD16: ='GBG Filtered'!AC10 | AE16: ='GBG Filtered'!AD10 | AF16: ='GBG Filtered'!AE10
B17: ='GBG Filtered'!A11 | C17: ='GBG Filtered'!B11 | D17: ='GBG Filtered'!C11 | E17: ='GBG Filtered'!D11 | F17: =IF('GBG Filtered'!E11 <> "", VLOOKUP(IFERROR(VLOOKUP('GBG Filtered'!E11, FormFixes, 2, false), 'GBG Filtered'!E11), PokemonIcons, 2, False), "") | G17: =IF('GBG Filtered'!F11 <> "", VLOOKUP(IFERROR(VLOOKUP('GBG Filtered'!F11, FormFixes, 2, false), 'GBG Filtered'!F11), PokemonIcons, 2, False), "") | H17: =IF('GBG Filtered'!G11 <> "", VLOOKUP(IFERROR(VLOOKUP('GBG Filtered'!G11, FormFixes, 2, false), 'GBG Filtered'!G11), PokemonIcons, 2, False), "") | I17: =IF('GBG Filtered'!H11 <> "", VLOOKUP(IFERROR(VLOOKUP('GBG Filtered'!H11, FormFixes, 2, false), 'GBG Filtered'!H11), PokemonIcons, 2, False), "") | J17: =IF('GBG Filtered'!I11 <> "", VLOOKUP(IFERROR(VLOOKUP('GBG Filtered'!I11, FormFixes, 2, false), 'GBG Filtered'!I11), PokemonIcons, 2, False), "") | K17: =IF('GBG Filtered'!J11 <> "", VLOOKUP(IFERROR(VLOOKUP('GBG Filtered'!J11, FormFixes, 2, false), 'GBG Filtered'!J11), PokemonIcons, 2, False), "") | O17: =IF('GBG Filtered'!N11 <> "", VLOOKUP(IFERROR(VLOOKUP('GBG Filtered'!N11, FormFixes, 2, false), 'GBG Filtered'!N11), PokemonIcons, 2, False), "") | P17: =IF('GBG Filtered'!O11 <> "", VLOOKUP(IFERROR(VLOOKUP('GBG Filtered'!O11, FormFixes, 2, false), 'GBG Filtered'!O11), PokemonIcons, 2, False), "") | Q17: =IF('GBG Filtered'!P11 <> "", VLOOKUP(IFERROR(VLOOKUP('GBG Filtered'!P11, FormFixes, 2, false), 'GBG Filtered'!P11), PokemonIcons, 2, False), "") | R17: =IF('GBG Filtered'!Q11 <> "", VLOOKUP(IFERROR(VLOOKUP('GBG Filtered'!Q11, FormFixes, 2, false), 'GBG Filtered'!Q11), PokemonIcons, 2, False), "") | T17: =IF('GBG Filtered'!S11 <> "", VLOOKUP(IFERROR(VLOOKUP('GBG Filtered'!S11, FormFixes, 2, false), 'GBG Filtered'!S11), PokemonIcons, 2, False), "") | U17: =IF('GBG Filtered'!T11 <> "", VLOOKUP(IFERROR(VLOOKUP('GBG Filtered'!T11, FormFixes, 2, false), 'GBG Filtered'!T11), PokemonIcons, 2, False), "") | V17: =IF('GBG Filtered'!U11 <> "", VLOOKUP(IFERROR(VLOOKUP('GBG Filtered'!U11, FormFixes, 2, false), 'GBG Filtered'!U11), PokemonIcons, 2, False), "") | W17: =IF('GBG Filtered'!V11 <> "", VLOOKUP(IFERROR(VLOOKUP('GBG Filtered'!V11, FormFixes, 2, false), 'GBG Filtered'!V11), PokemonIcons, 2, False), "") | Z17: =IF('GBG Filtered'!Y11 <> "", VLOOKUP(IFERROR(VLOOKUP('GBG Filtered'!Y11, FormFixes, 2, false), 'GBG Filtered'!Y11), PokemonIcons, 2, False), "") | AA17: =IF('GBG Filtered'!Z11 <> "", VLOOKUP('GBG Filtered'!Z11, TypeIcons, 2, False), "") | AB17: =IF('GBG Filtered'!AA11 <> "", VLOOKUP(IFERROR(VLOOKUP('GBG Filtered'!AA11, FormFixes, 2, false), 'GBG Filtered'!AA11), PokemonIcons, 2, False), "") | AC17: =IF('GBG Filtered'!AB11 <> "", VLOOKUP('GBG Filtered'!AB11, TypeIcons, 2, False), "") | AD17: ='GBG Filtered'!AC11 | AE17: ='GBG Filtered'!AD11 | AF17: ='GBG Filtered'!AE11
B18: ='GBG Filtered'!A12 | C18: ='GBG Filtered'!B12 | D18: ='GBG Filtered'!C12 | E18: ='GBG Filtered'!D12 | F18: =IF('GBG Filtered'!E12 <> "", VLOOKUP(IFERROR(VLOOKUP('GBG Filtered'!E12, FormFixes, 2, false), 'GBG Filtered'!E12), PokemonIcons, 2, False), "") | G18: =IF('GBG Filtered'!F12 <> "", VLOOKUP(IFERROR(VLOOKUP('GBG Filtered'!F12, FormFixes, 2, false), 'GBG Filtered'!F12), PokemonIcons, 2, False), "") | H18: =IF('GBG Filtered'!G12 <> "", VLOOKUP(IFERROR(VLOOKUP('GBG Filtered'!G12, FormFixes, 2, false), 'GBG Filtered'!G12), PokemonIcons, 2, False), "") | I18: =IF('GBG Filtered'!H12 <> "", VLOOKUP(IFERROR(VLOOKUP('GBG Filtered'!H12, FormFixes, 2, false), 'GBG Filtered'!H12), PokemonIcons, 2, False), "") | J18: =IF('GBG Filtered'!I12 <> "", VLOOKUP(IFERROR(VLOOKUP('GBG Filtered'!I12, FormFixes, 2, false), 'GBG Filtered'!I12), PokemonIcons, 2, False), "") | K18: =IF('GBG Filtered'!J12 <> "", VLOOKUP(IFERROR(VLOOKUP('GBG Filtered'!J12, FormFixes, 2, false), 'GBG Filtered'!J12), PokemonIcons, 2, False), "") | O18: =IF('GBG Filtered'!N12 <> "", VLOOKUP(IFERROR(VLOOKUP('GBG Filtered'!N12, FormFixes, 2, false), 'GBG Filtered'!N12), PokemonIcons, 2, False), "") | P18: =IF('GBG Filtered'!O12 <> "", VLOOKUP(IFERROR(VLOOKUP('GBG Filtered'!O12, FormFixes, 2, false), 'GBG Filtered'!O12), PokemonIcons, 2, False), "") | Q18: =IF('GBG Filtered'!P12 <> "", VLOOKUP(IFERROR(VLOOKUP('GBG Filtered'!P12, FormFixes, 2, false), 'GBG Filtered'!P12), PokemonIcons, 2, False), "") | R18: =IF('GBG Filtered'!Q12 <> "", VLOOKUP(IFERROR(VLOOKUP('GBG Filtered'!Q12, FormFixes, 2, false), 'GBG Filtered'!Q12), PokemonIcons, 2, False), "") | T18: =IF('GBG Filtered'!S12 <> "", VLOOKUP(IFERROR(VLOOKUP('GBG Filtered'!S12, FormFixes, 2, false), 'GBG Filtered'!S12), PokemonIcons, 2, False), "") | U18: =IF('GBG Filtered'!T12 <> "", VLOOKUP(IFERROR(VLOOKUP('GBG Filtered'!T12, FormFixes, 2, false), 'GBG Filtered'!T12), PokemonIcons, 2, False), "") | V18: =IF('GBG Filtered'!U12 <> "", VLOOKUP(IFERROR(VLOOKUP('GBG Filtered'!U12, FormFixes, 2, false), 'GBG Filtered'!U12), PokemonIcons, 2, False), "") | W18: =IF('GBG Filtered'!V12 <> "", VLOOKUP(IFERROR(VLOOKUP('GBG Filtered'!V12, FormFixes, 2, false), 'GBG Filtered'!V12), PokemonIcons, 2, False), "") | Z18: =IF('GBG Filtered'!Y12 <> "", VLOOKUP(IFERROR(VLOOKUP('GBG Filtered'!Y12, FormFixes, 2, false), 'GBG Filtered'!Y12), PokemonIcons, 2, False), "") | AA18: =IF('GBG Filtered'!Z12 <> "", VLOOKUP('GBG Filtered'!Z12, TypeIcons, 2, False), "") | AB18: =IF('GBG Filtered'!AA12 <> "", VLOOKUP(IFERROR(VLOOKUP('GBG Filtered'!AA12, FormFixes, 2, false), 'GBG Filtered'!AA12), PokemonIcons, 2, False), "") | AC18: =IF('GBG Filtered'!AB12 <> "", VLOOKUP('GBG Filtered'!AB12, TypeIcons, 2, False), "") | AD18: ='GBG Filtered'!AC12 | AE18: ='GBG Filtered'!AD12 | AF18: ='GBG Filtered'!AE12
B19: ='GBG Filtered'!A13 | C19: ='GBG Filtered'!B13 | D19: ='GBG Filtered'!C13 | E19: ='GBG Filtered'!D13 | F19: =IF('GBG Filtered'!E13 <> "", VLOOKUP(IFERROR(VLOOKUP('GBG Filtered'!E13, FormFixes, 2, false), 'GBG Filtered'!E13), PokemonIcons, 2, False), "") | G19: =IF('GBG Filtered'!F13 <> "", VLOOKUP(IFERROR(VLOOKUP('GBG Filtered'!F13, FormFixes, 2, false), 'GBG Filtered'!F13), PokemonIcons, 2, False), "") | H19: =IF('GBG Filtered'!G13 <> "", VLOOKUP(IFERROR(VLOOKUP('GBG Filtered'!G13, FormFixes, 2, false), 'GBG Filtered'!G13), PokemonIcons, 2, False), "") | I19: =IF('GBG Filtered'!H13 <> "", VLOOKUP(IFERROR(VLOOKUP('GBG Filtered'!H13, FormFixes, 2, false), 'GBG Filtered'!H13), PokemonIcons, 2, False), "") | J19: =IF('GBG Filtered'!I13 <> "", VLOOKUP(IFERROR(VLOOKUP('GBG Filtered'!I13, FormFixes, 2, false), 'GBG Filtered'!I13), PokemonIcons, 2, False), "") | K19: =IF('GBG Filtered'!J13 <> "", VLOOKUP(IFERROR(VLOOKUP('GBG Filtered'!J13, FormFixes, 2, false), 'GBG Filtered'!J13), PokemonIcons, 2, False), "") | O19: =IF('GBG Filtered'!N13 <> "", VLOOKUP(IFERROR(VLOOKUP('GBG Filtered'!N13, FormFixes, 2, false), 'GBG Filtered'!N13), PokemonIcons, 2, False), "") | P19: =IF('GBG Filtered'!O13 <> "", VLOOKUP(IFERROR(VLOOKUP('GBG Filtered'!O13, FormFixes, 2, false), 'GBG Filtered'!O13), PokemonIcons, 2, False), "") | Q19: =IF('GBG Filtered'!P13 <> "", VLOOKUP(IFERROR(VLOOKUP('GBG Filtered'!P13, FormFixes, 2, false), 'GBG Filtered'!P13), PokemonIcons, 2, False), "") | R19: =IF('GBG Filtered'!Q13 <> "", VLOOKUP(IFERROR(VLOOKUP('GBG Filtered'!Q13, FormFixes, 2, false), 'GBG Filtered'!Q13), PokemonIcons, 2, False), "") | T19: =IF('GBG Filtered'!S13 <> "", VLOOKUP(IFERROR(VLOOKUP('GBG Filtered'!S13, FormFixes, 2, false), 'GBG Filtered'!S13), PokemonIcons, 2, False), "") | U19: =IF('GBG Filtered'!T13 <> "", VLOOKUP(IFERROR(VLOOKUP('GBG Filtered'!T13, FormFixes, 2, false), 'GBG Filtered'!T13), PokemonIcons, 2, False), "") | V19: =IF('GBG Filtered'!U13 <> "", VLOOKUP(IFERROR(VLOOKUP('GBG Filtered'!U13, FormFixes, 2, false), 'GBG Filtered'!U13), PokemonIcons, 2, False), "") | W19: =IF('GBG Filtered'!V13 <> "", VLOOKUP(IFERROR(VLOOKUP('GBG Filtered'!V13, FormFixes, 2, false), 'GBG Filtered'!V13), PokemonIcons, 2, False), "") | Z19: =IF('GBG Filtered'!Y13 <> "", VLOOKUP(IFERROR(VLOOKUP('GBG Filtered'!Y13, FormFixes, 2, false), 'GBG Filtered'!Y13), PokemonIcons, 2, False), "") | AA19: =IF('GBG Filtered'!Z13 <> "", VLOOKUP('GBG Filtered'!Z13, TypeIcons, 2, False), "") | AB19: =IF('GBG Filtered'!AA13 <> "", VLOOKUP(IFERROR(VLOOKUP('GBG Filtered'!AA13, FormFixes, 2, false), 'GBG Filtered'!AA13), PokemonIcons, 2, False), "") | AC19: =IF('GBG Filtered'!AB13 <> "", VLOOKUP('GBG Filtered'!AB13, TypeIcons, 2, False), "") | AD19: ='GBG Filtered'!AC13 | AE19: ='GBG Filtered'!AD13 | AF19: ='GBG Filtered'!AE13
... B107: ='GBG Filtered'!A101 | C107: ='GBG Filtered'!B101 | D107: ='GBG Filtered'!C101 | E107: ='GBG Filtered'!D101 | F107: =IF('GBG Filtered'!E101 <> "", VLOOKUP(IFERROR(VLOOKUP('GBG Filtered'!E101, FormFixes, 2, false), 'GBG Filtered'!E101), PokemonIcons, 2, False), "") | G107: =IF('GBG Filtered'!F101 <> "", VLOOKUP(IFERROR(VLOOKUP('GBG Filtered'!F101, FormFixes, 2, false), 'GBG Filtered'!F101), PokemonIcons, 2, False), "") | H107: =IF('GBG Filtered'!G101 <> "", VLOOKUP(IFERROR(VLOOKUP('GBG Filtered'!G101, FormFixes, 2, false), 'GBG Filtered'!G101), PokemonIcons, 2, False), "") | I107: =IF('GBG Filtered'!H101 <> "", VLOOKUP(IFERROR(VLOOKUP('GBG Filtered'!H101, FormFixes, 2, false), 'GBG Filtered'!H101), PokemonIcons, 2, False), "") | J107: =IF('GBG Filtered'!I101 <> "", VLOOKUP(IFERROR(VLOOKUP('GBG Filtered'!I101, FormFixes, 2, false), 'GBG Filtered'!I101), PokemonIcons, 2, False), "") | K107: =IF('GBG Filtered'!J101 <> "", VLOOKUP(IFERROR(VLOOKUP('GBG Filtered'!J101, FormFixes, 2, false), 'GBG Filtered'!J101), PokemonIcons, 2, False), "") | O107: =IF('GBG Filtered'!N101 <> "", VLOOKUP(IFERROR(VLOOKUP('GBG Filtered'!N101, FormFixes, 2, false), 'GBG Filtered'!N101), PokemonIcons, 2, False), "") | P107: =IF('GBG Filtered'!O101 <> "", VLOOKUP(IFERROR(VLOOKUP('GBG Filtered'!O101, FormFixes, 2, false), 'GBG Filtered'!O101), PokemonIcons, 2, False), "") | Q107: =IF('GBG Filtered'!P101 <> "", VLOOKUP(IFERROR(VLOOKUP('GBG Filtered'!P101, FormFixes, 2, false), 'GBG Filtered'!P101), PokemonIcons, 2, False), "") | R107: =IF('GBG Filtered'!Q101 <> "", VLOOKUP(IFERROR(VLOOKUP('GBG Filtered'!Q101, FormFixes, 2, false), 'GBG Filtered'!Q101), PokemonIcons, 2, False), "") | T107: =IF('GBG Filtered'!S101 <> "", VLOOKUP(IFERROR(VLOOKUP('GBG Filtered'!S101, FormFixes, 2, false), 'GBG Filtered'!S101), PokemonIcons, 2, False), "") | U107: =IF('GBG Filtered'!T101 <> "", VLOOKUP(IFERROR(VLOOKUP('GBG Filtered'!T101, FormFixes, 2, false), 'GBG Filtered'!T101), PokemonIcons, 2, False), "") | V107: =IF('GBG Filtered'!U101 <> "", VLOOKUP(IFERROR(VLOOKUP('GBG Filtered'!U101, FormFixes, 2, false), 'GBG Filtered'!U101), PokemonIcons, 2, False), "") | W107: =IF('GBG Filtered'!V101 <> "", VLOOKUP(IFERROR(VLOOKUP('GBG Filtered'!V101, FormFixes, 2, false), 'GBG Filtered'!V101), PokemonIcons, 2, False), "") | Z107: =IF('GBG Filtered'!Y101 <> "", VLOOKUP(IFERROR(VLOOKUP('GBG Filtered'!Y101, FormFixes, 2, false), 'GBG Filtered'!Y101), PokemonIcons, 2, False), "") | AA107: =IF('GBG Filtered'!Z101 <> "", VLOOKUP('GBG Filtered'!Z101, TypeIcons, 2, False), "") | AB107: =IF('GBG Filtered'!AA101 <> "", VLOOKUP(IFERROR(VLOOKUP('GBG Filtered'!AA101, FormFixes, 2, false), 'GBG Filtered'!AA101), PokemonIcons, 2, False), "") | AC107: =IF('GBG Filtered'!AB101 <> "", VLOOKUP('GBG Filtered'!AB101, TypeIcons, 2, False), "") | AD107: ='GBG Filtered'!AC101 | AE107: ='GBG Filtered'!AD101 | AF107: ='GBG Filtered'!AE101

Sheet GBG DASHBOARD
A1: Desired Result | B1: ='Game By Game'!E4 -> -any- | D1: Col2 | E1: =IF(B1<>"-any-", "AND Col2 = '"&B1&"'", "")
A2: Desired Opponent Mon on Team | B2: ='Game By Game'!I4 -> -any- | D2: Col5 thru Col10 | E2: =IF(B2 <> "-any-", " AND (Col5 = '"&B2&"' OR Col6 = '"&B2&"' OR Col7 = '"&B2&"' OR Col8 = '"&B2&"' OR Col9 = '"&B2&"' OR Col10 = '"&B2&"')", "")
A3: Desired Opponent Lead | B3: ='Game By Game'!U3 -> -any- | D3: Col19 and Col20 | E3: =IF(B3 <> "-any-", " AND (Col19 = '"&B3&"' OR Col20 = '"&B3&"')", "")
A4: Desired Opponent Back | B4: ='Game By Game'!U4 -> -any- | D4: Col21 and Col22 | E4: =IF(B4 <> "-any-", " AND (Col21 = '"&B4&"' OR Col22 = '"&B4&"')", "")
A5: Desired Player Use | D5: Col14 thru Col17 | E5: =IF(B5<>"", " AND (Col14 = '"&B5&"' OR Col15 = '"&B5&"' OR Col16 = '"&B5&"' OR Col17 = '"&B5&"')", "")
A6: Desired Player Lead | B6: ='Game By Game'!P3 -> -any- | D6: Col14 and Col15 | E6: =IF(B6 <> "-any-", " AND (Col14 = '"&B6&"' OR Col15 = '"&B6&"')", "")
A7: Desired Player Back | B7: ='Game By Game'!P4 -> -any- | D7: Col16 and Col17 | E7: =IF(B7 <> "-any-", " AND (Col16 = '"&B7&"' OR Col17 = '"&B7&"')", "")
A8: Desired Player Tera | B8: ='Game By Game'!Z4 -> -any- | D8: Col25 | E8: =IF(B8<>"-any-", " AND Col25 = '"&B8&"'", "")
A9: Desired OTS | B9: ='Game By Game'!AD4 -> -any- | D9: Col29 | E9: =IF(B10<>"-any-", " AND Col29 = '"&B10&"'", "")
A10: Desired OTS clean | B10: =IF(B9 = "OTS", "YES", IF(B9 = "CTS", "", "-any-")) -> -any-
A11: -any-
A12: Win
A13: Loss
A15: -any-
A16: OTS
A17: CTS

Sheet GBG Data
B1: Game Num | C1: Result | D1: VS | E1: Opp Name | F1: OppMon1 | G1: OppMon2 | H1: OppMon3 | I1: OppMon4 | J1: OppMon5 | K1: OppMon6 | O1: PlayerLead1 | P1: PlayerLead2 | Q1: PlayerBack1 | R1: PlayerBack2 | T1: OppLead1 | U1: OppLead2 | V1: OppBack1 | W1: OppBack2 | Z1: PlayerTeraMon | AA1: PlayerTeraType | AB1: OppTeraMon | AC1: OppTeraType | AD1: OTS | AE1: ELO | AF1: Opp ELO
B2: =IF(HomePage!C14 <> "", HomePage!B14, "") -> 1 | C2: ='Base Data'!DW3 -> Loss | D2: =IF(HomePage!C14 <> "", "vs", "") -> vs | E2: ='Base Data'!DP3 -> DoByG | F2: ='Base Data'!DQ3 -> Clefable | G2: ='Base Data'!DR3 -> Exeggutor | H2: ='Base Data'!DS3 -> Snorlax | I2: ='Base Data'!DT3 -> Dragonite | J2: ='Base Data'!DU3 -> Gyarados | K2: ='Base Data'!DV3 -> Hitmonlee | O2: ='Base Data'!CX3 -> Alcremie-Matcha-Cream | P2: ='Base Data'!CY3 -> Skeledirge | Q2: ='Base Data'!CV3 -> Salamence | R2: ='Base Data'!CW3 -> Weavile | T2: ='Base Data'!CZ3 -> Hitmonlee | U2: ='Base Data'!DA3 -> Gyarados | V2: ='Base Data'!DB3 -> Clefable | W2: ='Base Data'!DC3 -> Dragonite | Z2: ='Base Data'!DE3 -> Skeledirge | AA2: ='Base Data'!DF3 -> Grass | AB2: ='Base Data'!DG3 -> Gyarados | AC2: ='Base Data'!DH3 -> Flying | AD2: =IF('Base Data'!Y3 = "ots", "YES", "") | AE2: =SWITCH('Base Data'!EE3, "? -> ?", "pending", "--- -> ---", "unranked", " -> ", "", 'Base Data'!EE3) -> 1032 -> 1017 | AF2: =IF(AND('Base Data'!EF3 <> "",'Base Data'!EF3 <> "?",'Base Data'!EF3 <> "---"), 'Base Data'!EF3, "") -> 1037
B3: =IF(HomePage!C15 <> "", HomePage!B15, "") -> 2 | C3: ='Base Data'!DW4 -> Loss | D3: =IF(HomePage!C15 <> "", "vs", "") -> vs | E3: ='Base Data'!DP4 -> diogo10egas | F3: ='Base Data'!DQ4 -> Annihilape | G3: ='Base Data'!DR4 -> Maushold | H3: ='Base Data'!DS4 -> Pelipper | I3: ='Base Data'!DT4 -> Archaludon | J3: ='Base Data'!DU4 -> Ogerpon-Wellspring | K3: ='Base Data'!DV4 -> Umbreon | O3: ='Base Data'!CX4 -> Alcremie-Matcha-Cream | P3: ='Base Data'!CY4 -> Salamence | Q3: ='Base Data'!CV4 -> Gholdengo | R3: ='Base Data'!CW4 -> Weavile | T3: ='Base Data'!CZ4 -> Annihilape | U3: ='Base Data'!DA4 -> Umbreon | V3: ='Base Data'!DB4 -> Archaludon | W3: ='Base Data'!DC4 -> Ogerpon-Wellspring | Z3: ='Base Data'!DE4 -> Gholdengo | AA3: ='Base Data'!DF4 -> Steel | AB3: ='Base Data'!DG4 -> Umbreon | AC3: ='Base Data'!DH4 -> Fairy | AD3: =IF('Base Data'!Y4 = "ots", "YES", "") | AE3: =SWITCH('Base Data'!EE4, "? -> ?", "pending", "--- -> ---", "unranked", " -> ", "", 'Base Data'!EE4) -> 1017 -> 1007 | AF3: =IF(AND('Base Data'!EF4 <> "",'Base Data'!EF4 <> "?",'Base Data'!EF4 <> "---"), 'Base Data'!EF4, "") -> 1076
B4: =IF(HomePage!C16 <> "", HomePage!B16, "") -> 3 | C4: ='Base Data'!DW5 -> Loss | D4: =IF(HomePage!C16 <> "", "vs", "") -> vs | E4: ='Base Data'!DP5 -> Larateamo | F4: ='Base Data'!DQ5 -> Chien-Pao | G4: ='Base Data'!DR5 -> Urshifu-* | H4: ='Base Data'!DS5 -> Raging Bolt | I4: ='Base Data'!DT5 -> Incineroar | J4: ='Base Data'!DU5 -> Amoonguss | K4: ='Base Data'!DV5 -> Gholdengo | O4: ='Base Data'!CX5 -> Alcremie-Matcha-Cream | P4: ='Base Data'!CY5 -> Skeledirge | Q4: ='Base Data'!CV5 -> Exeggutor-Alola | R4: ='Base Data'!CW5 -> Weavile | T4: ='Base Data'!CZ5 -> Raging Bolt | U4: ='Base Data'!DA5 -> Urshifu-Rapid-Strike | V4: ='Base Data'!DB5 -> Incineroar | W4: ='Base Data'!DC5 -> Amoonguss | Z4: ='Base Data'!DE5 -> Skeledirge | AA4: ='Base Data'!DF5 -> Grass | AB4: ='Base Data'!DG5 -> Amoonguss | AC4: ='Base Data'!DH5 -> Water | AD4: =IF('Base Data'!Y5 = "ots", "YES", "") | AE4: =SWITCH('Base Data'!EE5, "? -> ?", "pending", "--- -> ---", "unranked", " -> ", "", 'Base Data'!EE5) -> 1007 -> 1000 | AF4: =IF(AND('Base Data'!EF5 <> "",'Base Data'!EF5 <> "?",'Base Data'!EF5 <> "---"), 'Base Data'!EF5, "") -> 1000
B5: =IF(HomePage!C17 <> "", HomePage!B17, "") -> 4 | C5: ='Base Data'!DW6 -> Loss | D5: =IF(HomePage!C17 <> "", "vs", "") -> vs | E5: ='Base Data'!DP6 -> thaoss | F5: ='Base Data'!DQ6 -> Incineroar | G5: ='Base Data'!DR6 -> Rillaboom | H5: ='Base Data'!DS6 -> Ursaluna-Bloodmoon | I5: ='Base Data'!DT6 -> Farigiraf | J5: ='Base Data'!DU6 -> Raging Bolt | K5: ='Base Data'!DV6 -> Urshifu-* | O5: ='Base Data'!CX6 -> Salamence | P5: ='Base Data'!CY6 -> Alcremie-Matcha-Cream | Q5: ='Base Data'!CV6 -> Weavile | R5: ='Base Data'!CW6 -> Skeledirge | T5: ='Base Data'!CZ6 -> Urshifu-Rapid-Strike | U5: ='Base Data'!DA6 -> Farigiraf | V5: ='Base Data'!DB6 -> Ursaluna-Bloodmoon | W5: ='Base Data'!DC6 -> Incineroar | Z5: ='Base Data'!DE6 -> Salamence | AA5: ='Base Data'!DF6 -> Flying | AB5: ='Base Data'!DG6 -> Ursaluna-Bloodmoon | AC5: ='Base Data'!DH6 -> Normal | AD5: =IF('Base Data'!Y6 = "ots", "YES", "") | AE5: =SWITCH('Base Data'!EE6, "? -> ?", "pending", "--- -> ---", "unranked", " -> ", "", 'Base Data'!EE6) -> 1000 -> 1000 | AF5: =IF(AND('Base Data'!EF6 <> "",'Base Data'!EF6 <> "?",'Base Data'!EF6 <> "---"), 'Base Data'!EF6, "") -> 1000
B6: =IF(HomePage!C18 <> "", HomePage!B18, "") | C6: ='Base Data'!DW7 | D6: =IF(HomePage!C18 <> "", "vs", "") | E6: ='Base Data'!DP7 | F6: ='Base Data'!DQ7 | G6: ='Base Data'!DR7 | H6: ='Base Data'!DS7 | I6: ='Base Data'!DT7 | J6: ='Base Data'!DU7 | K6: ='Base Data'!DV7 | O6: ='Base Data'!CX7 | P6: ='Base Data'!CY7 | Q6: ='Base Data'!CV7 | R6: ='Base Data'!CW7 | T6: ='Base Data'!CZ7 | U6: ='Base Data'!DA7 | V6: ='Base Data'!DB7 | W6: ='Base Data'!DC7 | Z6: ='Base Data'!DE7 | AA6: ='Base Data'!DF7 | AB6: ='Base Data'!DG7 | AC6: ='Base Data'!DH7 | AD6: =IF('Base Data'!Y7 = "ots", "YES", "") | AE6: =SWITCH('Base Data'!EE7, "? -> ?", "pending", "--- -> ---", "unranked", " -> ", "", 'Base Data'!EE7) | AF6: =IF(AND('Base Data'!EF7 <> "",'Base Data'!EF7 <> "?",'Base Data'!EF7 <> "---"), 'Base Data'!EF7, "")
B7: =IF(HomePage!C19 <> "", HomePage!B19, "") | C7: ='Base Data'!DW8 | D7: =IF(HomePage!C19 <> "", "vs", "") | E7: ='Base Data'!DP8 | F7: ='Base Data'!DQ8 | G7: ='Base Data'!DR8 | H7: ='Base Data'!DS8 | I7: ='Base Data'!DT8 | J7: ='Base Data'!DU8 | K7: ='Base Data'!DV8 | O7: ='Base Data'!CX8 | P7: ='Base Data'!CY8 | Q7: ='Base Data'!CV8 | R7: ='Base Data'!CW8 | T7: ='Base Data'!CZ8 | U7: ='Base Data'!DA8 | V7: ='Base Data'!DB8 | W7: ='Base Data'!DC8 | Z7: ='Base Data'!DE8 | AA7: ='Base Data'!DF8 | AB7: ='Base Data'!DG8 | AC7: ='Base Data'!DH8 | AD7: =IF('Base Data'!Y8 = "ots", "YES", "") | AE7: =SWITCH('Base Data'!EE8, "? -> ?", "pending", "--- -> ---", "unranked", " -> ", "", 'Base Data'!EE8) | AF7: =IF(AND('Base Data'!EF8 <> "",'Base Data'!EF8 <> "?",'Base Data'!EF8 <> "---"), 'Base Data'!EF8, "")
B8: =IF(HomePage!C20 <> "", HomePage!B20, "") | C8: ='Base Data'!DW9 | D8: =IF(HomePage!C20 <> "", "vs", "") | E8: ='Base Data'!DP9 | F8: ='Base Data'!DQ9 | G8: ='Base Data'!DR9 | H8: ='Base Data'!DS9 | I8: ='Base Data'!DT9 | J8: ='Base Data'!DU9 | K8: ='Base Data'!DV9 | O8: ='Base Data'!CX9 | P8: ='Base Data'!CY9 | Q8: ='Base Data'!CV9 | R8: ='Base Data'!CW9 | T8: ='Base Data'!CZ9 | U8: ='Base Data'!DA9 | V8: ='Base Data'!DB9 | W8: ='Base Data'!DC9 | Z8: ='Base Data'!DE9 | AA8: ='Base Data'!DF9 | AB8: ='Base Data'!DG9 | AC8: ='Base Data'!DH9 | AD8: =IF('Base Data'!Y9 = "ots", "YES", "") | AE8: =SWITCH('Base Data'!EE9, "? -> ?", "pending", "--- -> ---", "unranked", " -> ", "", 'Base Data'!EE9) | AF8: =IF(AND('Base Data'!EF9 <> "",'Base Data'!EF9 <> "?",'Base Data'!EF9 <> "---"), 'Base Data'!EF9, "")
B9: =IF(HomePage!C21 <> "", HomePage!B21, "") | C9: ='Base Data'!DW10 | D9: =IF(HomePage!C21 <> "", "vs", "") | E9: ='Base Data'!DP10 | F9: ='Base Data'!DQ10 | G9: ='Base Data'!DR10 | H9: ='Base Data'!DS10 | I9: ='Base Data'!DT10 | J9: ='Base Data'!DU10 | K9: ='Base Data'!DV10 | O9: ='Base Data'!CX10 | P9: ='Base Data'!CY10 | Q9: ='Base Data'!CV10 | R9: ='Base Data'!CW10 | T9: ='Base Data'!CZ10 | U9: ='Base Data'!DA10 | V9: ='Base Data'!DB10 | W9: ='Base Data'!DC10 | Z9: ='Base Data'!DE10 | AA9: ='Base Data'!DF10 | AB9: ='Base Data'!DG10 | AC9: ='Base Data'!DH10 | AD9: =IF('Base Data'!Y10 = "ots", "YES", "") | AE9: =SWITCH('Base Data'!EE10, "? -> ?", "pending", "--- -> ---", "unranked", " -> ", "", 'Base Data'!EE10) | AF9: =IF(AND('Base Data'!EF10 <> "",'Base Data'!EF10 <> "?",'Base Data'!EF10 <> "---"), 'Base Data'!EF10, "")
B10: =IF(HomePage!C22 <> "", HomePage!B22, "") | C10: ='Base Data'!DW11 | D10: =IF(HomePage!C22 <> "", "vs", "") | E10: ='Base Data'!DP11 | F10: ='Base Data'!DQ11 | G10: ='Base Data'!DR11 | H10: ='Base Data'!DS11 | I10: ='Base Data'!DT11 | J10: ='Base Data'!DU11 | K10: ='Base Data'!DV11 | O10: ='Base Data'!CX11 | P10: ='Base Data'!CY11 | Q10: ='Base Data'!CV11 | R10: ='Base Data'!CW11 | T10: ='Base Data'!CZ11 | U10: ='Base Data'!DA11 | V10: ='Base Data'!DB11 | W10: ='Base Data'!DC11 | Z10: ='Base Data'!DE11 | AA10: ='Base Data'!DF11 | AB10: ='Base Data'!DG11 | AC10: ='Base Data'!DH11 | AD10: =IF('Base Data'!Y11 = "ots", "YES", "") | AE10: =SWITCH('Base Data'!EE11, "? -> ?", "pending", "--- -> ---", "unranked", " -> ", "", 'Base Data'!EE11) | AF10: =IF(AND('Base Data'!EF11 <> "",'Base Data'!EF11 <> "?",'Base Data'!EF11 <> "---"), 'Base Data'!EF11, "")
B11: =IF(HomePage!C23 <> "", HomePage!B23, "") | C11: ='Base Data'!DW12 | D11: =IF(HomePage!C23 <> "", "vs", "") | E11: ='Base Data'!DP12 | F11: ='Base Data'!DQ12 | G11: ='Base Data'!DR12 | H11: ='Base Data'!DS12 | I11: ='Base Data'!DT12 | J11: ='Base Data'!DU12 | K11: ='Base Data'!DV12 | O11: ='Base Data'!CX12 | P11: ='Base Data'!CY12 | Q11: ='Base Data'!CV12 | R11: ='Base Data'!CW12 | T11: ='Base Data'!CZ12 | U11: ='Base Data'!DA12 | V11: ='Base Data'!DB12 | W11: ='Base Data'!DC12 | Z11: ='Base Data'!DE12 | AA11: ='Base Data'!DF12 | AB11: ='Base Data'!DG12 | AC11: ='Base Data'!DH12 | AD11: =IF('Base Data'!Y12 = "ots", "YES", "") | AE11: =SWITCH('Base Data'!EE12, "? -> ?", "pending", "--- -> ---", "unranked", " -> ", "", 'Base Data'!EE12) | AF11: =IF(AND('Base Data'!EF12 <> "",'Base Data'!EF12 <> "?",'Base Data'!EF12 <> "---"), 'Base Data'!EF12, "")
B12: =IF(HomePage!C24 <> "", HomePage!B24, "") | C12: ='Base Data'!DW13 | D12: =IF(HomePage!C24 <> "", "vs", "") | E12: ='Base Data'!DP13 | F12: ='Base Data'!DQ13 | G12: ='Base Data'!DR13 | H12: ='Base Data'!DS13 | I12: ='Base Data'!DT13 | J12: ='Base Data'!DU13 | K12: ='Base Data'!DV13 | O12: ='Base Data'!CX13 | P12: ='Base Data'!CY13 | Q12: ='Base Data'!CV13 | R12: ='Base Data'!CW13 | T12: ='Base Data'!CZ13 | U12: ='Base Data'!DA13 | V12: ='Base Data'!DB13 | W12: ='Base Data'!DC13 | Z12: ='Base Data'!DE13 | AA12: ='Base Data'!DF13 | AB12: ='Base Data'!DG13 | AC12: ='Base Data'!DH13 | AD12: =IF('Base Data'!Y13 = "ots", "YES", "") | AE12: =SWITCH('Base Data'!EE13, "? -> ?", "pending", "--- -> ---", "unranked", " -> ", "", 'Base Data'!EE13) | AF12: =IF(AND('Base Data'!EF13 <> "",'Base Data'!EF13 <> "?",'Base Data'!EF13 <> "---"), 'Base Data'!EF13, "")
B13: =IF(HomePage!C25 <> "", HomePage!B25, "") | C13: ='Base Data'!DW14 | D13: =IF(HomePage!C25 <> "", "vs", "") | E13: ='Base Data'!DP14 | F13: ='Base Data'!DQ14 | G13: ='Base Data'!DR14 | H13: ='Base Data'!DS14 | I13: ='Base Data'!DT14 | J13: ='Base Data'!DU14 | K13: ='Base Data'!DV14 | O13: ='Base Data'!CX14 | P13: ='Base Data'!CY14 | Q13: ='Base Data'!CV14 | R13: ='Base Data'!CW14 | T13: ='Base Data'!CZ14 | U13: ='Base Data'!DA14 | V13: ='Base Data'!DB14 | W13: ='Base Data'!DC14 | Z13: ='Base Data'!DE14 | AA13: ='Base Data'!DF14 | AB13: ='Base Data'!DG14 | AC13: ='Base Data'!DH14 | AD13: =IF('Base Data'!Y14 = "ots", "YES", "") | AE13: =SWITCH('Base Data'!EE14, "? -> ?", "pending", "--- -> ---", "unranked", " -> ", "", 'Base Data'!EE14) | AF13: =IF(AND('Base Data'!EF14 <> "",'Base Data'!EF14 <> "?",'Base Data'!EF14 <> "---"), 'Base Data'!EF14, "")
... B101: =IF(HomePage!C113 <> "", HomePage!B113, "") | C101: ='Base Data'!DW102 | D101: =IF(HomePage!C113 <> "", "vs", "") | E101: ='Base Data'!DP102 | F101: ='Base Data'!DQ102 | G101: ='Base Data'!DR102 | H101: ='Base Data'!DS102 | I101: ='Base Data'!DT102 | J101: ='Base Data'!DU102 | K101: ='Base Data'!DV102 | O101: ='Base Data'!CX102 | P101: ='Base Data'!CY102 | Q101: ='Base Data'!CV102 | R101: ='Base Data'!CW102 | T101: ='Base Data'!CZ102 | U101: ='Base Data'!DA102 | V101: ='Base Data'!DB102 | W101: ='Base Data'!DC102 | Z101: ='Base Data'!DE102 | AA101: ='Base Data'!DF102 | AB101: ='Base Data'!DG102 | AC101: ='Base Data'!DH102 | AD101: =IF('Base Data'!Y102 = "ots", "YES", "") | AE101: =SWITCH('Base Data'!EE102, "? -> ?", "pending", "--- -> ---", "unranked", " -> ", "", 'Base Data'!EE102) | AF101: =IF(AND('Base Data'!EF102 <> "",'Base Data'!EF102 <> "?",'Base Data'!EF102 <> "---"), 'Base Data'!EF102, "")

Sheet GBG Filtered
A1: =IFERROR(__xludf.DUMMYFUNCTION("QUERY(ARRAYFORMULA(TO_TEXT('GBG Data'!B1:AF101)) ,""SELECT * WHERE Col1 != ''""&ResultQuery&OppTeamQuery&OppLeadQuery&OppBackQuery&PlayerLeadQuery&PlayerBackQuery&PlayerTeraQuery&OTSQuery,1)"),"Game Num") -> Game Num | B1: =IFERROR(__xludf.DUMMYFUNCTION("""COMPUTED_VALUE"""),"Result") -> Result | C1: =IFERROR(__xludf.DUMMYFUNCTION("""COMPUTED_VALUE"""),"VS") -> VS | D1: =IFERROR(__xludf.DUMMYFUNCTION("""COMPUTED_VALUE"""),"Opp Name") -> Opp Name | E1: =IFERROR(__xludf.DUMMYFUNCTION("""COMPUTED_VALUE"""),"OppMon1") -> OppMon1 | F1: =IFERROR(__xludf.DUMMYFUNCTION("""COMPUTED_VALUE"""),"OppMon2") -> OppMon2 | G1: =IFERROR(__xludf.DUMMYFUNCTION("""COMPUTED_VALUE"""),"OppMon3") -> OppMon3 | H1: =IFERROR(__xludf.DUMMYFUNCTION("""COMPUTED_VALUE"""),"OppMon4") -> OppMon4 | I1: =IFERROR(__xludf.DUMMYFUNCTION("""COMPUTED_VALUE"""),"OppMon5") -> OppMon5 | J1: =IFERROR(__xludf.DUMMYFUNCTION("""COMPUTED_VALUE"""),"OppMon6") -> OppMon6 | K1: =IFERROR(__xludf.DUMMYFUNCTION("""COMPUTED_VALUE"""),"") | L1: =IFERROR(__xludf.DUMMYFUNCTION("""COMPUTED_VALUE"""),"") | M1: =IFERROR(__xludf.DUMMYFUNCTION("""COMPUTED_VALUE"""),"") | N1: =IFERROR(__xludf.DUMMYFUNCTION("""COMPUTED_VALUE"""),"PlayerLead1") -> PlayerLead1 | O1: =IFERROR(__xludf.DUMMYFUNCTION("""COMPUTED_VALUE"""),"PlayerLead2") -> PlayerLead2 | P1: =IFERROR(__xludf.DUMMYFUNCTION("""COMPUTED_VALUE"""),"PlayerBack1") -> PlayerBack1 | Q1: =IFERROR(__xludf.DUMMYFUNCTION("""COMPUTED_VALUE"""),"PlayerBack2") -> PlayerBack2 | R1: =IFERROR(__xludf.DUMMYFUNCTION("""COMPUTED_VALUE"""),"") | S1: =IFERROR(__xludf.DUMMYFUNCTION("""COMPUTED_VALUE"""),"OppLead1") -> OppLead1 | T1: =IFERROR(__xludf.DUMMYFUNCTION("""COMPUTED_VALUE"""),"OppLead2") -> OppLead2 | U1: =IFERROR(__xludf.DUMMYFUNCTION("""COMPUTED_VALUE"""),"OppBack1") -> OppBack1 | V1: =IFERROR(__xludf.DUMMYFUNCTION("""COMPUTED_VALUE"""),"OppBack2") -> OppBack2 | W1: =IFERROR(__xludf.DUMMYFUNCTION("""COMPUTED_VALUE"""),"") | X1: =IFERROR(__xludf.DUMMYFUNCTION("""COMPUTED_VALUE"""),"") | Y1: =IFERROR(__xludf.DUMMYFUNCTION("""COMPUTED_VALUE"""),"PlayerTeraMon") -> PlayerTeraMon | Z1: =IFERROR(__xludf.DUMMYFUNCTION("""COMPUTED_VALUE"""),"PlayerTeraType") -> PlayerTeraType | AA1: =IFERROR(__xludf.DUMMYFUNCTION("""COMPUTED_VALUE"""),"OppTeraMon") -> OppTeraMon | AB1: =IFERROR(__xludf.DUMMYFUNCTION("""COMPUTED_VALUE"""),"OppTeraType") -> OppTeraType | AC1: =IFERROR(__xludf.DUMMYFUNCTION("""COMPUTED_VALUE"""),"OTS") -> OTS | AD1: =IFERROR(__xludf.DUMMYFUNCTION("""COMPUTED_VALUE"""),"ELO") -> ELO | AE1: =IFERROR(__xludf.DUMMYFUNCTION("""COMPUTED_VALUE"""),"Opp ELO") -> Opp ELO
A2: =IFERROR(__xludf.DUMMYFUNCTION("""COMPUTED_VALUE"""),"1") -> 1 | B2: =IFERROR(__xludf.DUMMYFUNCTION("""COMPUTED_VALUE"""),"Loss") -> Loss | C2: =IFERROR(__xludf.DUMMYFUNCTION("""COMPUTED_VALUE"""),"vs") -> vs | D2: =IFERROR(__xludf.DUMMYFUNCTION("""COMPUTED_VALUE"""),"DoByG") -> DoByG | E2: =IFERROR(__xludf.DUMMYFUNCTION("""COMPUTED_VALUE"""),"Clefable") -> Clefable | F2: =IFERROR(__xludf.DUMMYFUNCTION("""COMPUTED_VALUE"""),"Exeggutor") -> Exeggutor | G2: =IFERROR(__xludf.DUMMYFUNCTION("""COMPUTED_VALUE"""),"Snorlax") -> Snorlax | H2: =IFERROR(__xludf.DUMMYFUNCTION("""COMPUTED_VALUE"""),"Dragonite") -> Dragonite | I2: =IFERROR(__xludf.DUMMYFUNCTION("""COMPUTED_VALUE"""),"Gyarados") -> Gyarados | J2: =IFERROR(__xludf.DUMMYFUNCTION("""COMPUTED_VALUE"""),"Hitmonlee") -> Hitmonlee | N2: =IFERROR(__xludf.DUMMYFUNCTION("""COMPUTED_VALUE"""),"Alcremie-Matcha-Cream") -> Alcremie-Matcha-Cream | O2: =IFERROR(__xludf.DUMMYFUNCTION("""COMPUTED_VALUE"""),"Skeledirge") -> Skeledirge | P2: =IFERROR(__xludf.DUMMYFUNCTION("""COMPUTED_VALUE"""),"Salamence") -> Salamence | Q2: =IFERROR(__xludf.DUMMYFUNCTION("""COMPUTED_VALUE"""),"Weavile") -> Weavile | S2: =IFERROR(__xludf.DUMMYFUNCTION("""COMPUTED_VALUE"""),"Hitmonlee") -> Hitmonlee | T2: =IFERROR(__xludf.DUMMYFUNCTION("""COMPUTED_VALUE"""),"Gyarados") -> Gyarados | U2: =IFERROR(__xludf.DUMMYFUNCTION("""COMPUTED_VALUE"""),"Clefable") -> Clefable | V2: =IFERROR(__xludf.DUMMYFUNCTION("""COMPUTED_VALUE"""),"Dragonite") -> Dragonite | Y2: =IFERROR(__xludf.DUMMYFUNCTION("""COMPUTED_VALUE"""),"Skeledirge") -> Skeledirge | Z2: =IFERROR(__xludf.DUMMYFUNCTION("""COMPUTED_VALUE"""),"Grass") -> Grass | AA2: =IFERROR(__xludf.DUMMYFUNCTION("""COMPUTED_VALUE"""),"Gyarados") -> Gyarados | AB2: =IFERROR(__xludf.DUMMYFUNCTION("""COMPUTED_VALUE"""),"Flying") -> Flying | AD2: =IFERROR(__xludf.DUMMYFUNCTION("""COMPUTED_VALUE"""),"1032 -> 1017") -> 1032 -> 1017 | AE2: =IFERROR(__xludf.DUMMYFUNCTION("""COMPUTED_VALUE"""),"1037") -> 1037
A3: =IFERROR(__xludf.DUMMYFUNCTION("""COMPUTED_VALUE"""),"2") -> 2 | B3: =IFERROR(__xludf.DUMMYFUNCTION("""COMPUTED_VALUE"""),"Loss") -> Loss | C3: =IFERROR(__xludf.DUMMYFUNCTION("""COMPUTED_VALUE"""),"vs") -> vs | D3: =IFERROR(__xludf.DUMMYFUNCTION("""COMPUTED_VALUE"""),"diogo10egas") -> diogo10egas | E3: =IFERROR(__xludf.DUMMYFUNCTION("""COMPUTED_VALUE"""),"Annihilape") -> Annihilape | F3: =IFERROR(__xludf.DUMMYFUNCTION("""COMPUTED_VALUE"""),"Maushold") -> Maushold | G3: =IFERROR(__xludf.DUMMYFUNCTION("""COMPUTED_VALUE"""),"Pelipper") -> Pelipper | H3: =IFERROR(__xludf.DUMMYFUNCTION("""COMPUTED_VALUE"""),"Archaludon") -> Archaludon | I3: =IFERROR(__xludf.DUMMYFUNCTION("""COMPUTED_VALUE"""),"Ogerpon-Wellspring") -> Ogerpon-Wellspring | J3: =IFERROR(__xludf.DUMMYFUNCTION("""COMPUTED_VALUE"""),"Umbreon") -> Umbreon | N3: =IFERROR(__xludf.DUMMYFUNCTION("""COMPUTED_VALUE"""),"Alcremie-Matcha-Cream") -> Alcremie-Matcha-Cream | O3: =IFERROR(__xludf.DUMMYFUNCTION("""COMPUTED_VALUE"""),"Salamence") -> Salamence | P3: =IFERROR(__xludf.DUMMYFUNCTION("""COMPUTED_VALUE"""),"Gholdengo") -> Gholdengo | Q3: =IFERROR(__xludf.DUMMYFUNCTION("""COMPUTED_VALUE"""),"Weavile") -> Weavile | S3: =IFERROR(__xludf.DUMMYFUNCTION("""COMPUTED_VALUE"""),"Annihilape") -> Annihilape | T3: =IFERROR(__xludf.DUMMYFUNCTION("""COMPUTED_VALUE"""),"Umbreon") -> Umbreon | U3: =IFERROR(__xludf.DUMMYFUNCTION("""COMPUTED_VALUE"""),"Archaludon") -> Archaludon | V3: =IFERROR(__xludf.DUMMYFUNCTION("""COMPUTED_VALUE"""),"Ogerpon-Wellspring") -> Ogerpon-Wellspring | Y3: =IFERROR(__xludf.DUMMYFUNCTION("""COMPUTED_VALUE"""),"Gholdengo") -> Gholdengo | Z3: =IFERROR(__xludf.DUMMYFUNCTION("""COMPUTED_VALUE"""),"Steel") -> Steel | AA3: =IFERROR(__xludf.DUMMYFUNCTION("""COMPUTED_VALUE"""),"Umbreon") -> Umbreon | AB3: =IFERROR(__xludf.DUMMYFUNCTION("""COMPUTED_VALUE"""),"Fairy") -> Fairy | AD3: =IFERROR(__xludf.DUMMYFUNCTION("""COMPUTED_VALUE"""),"1017 -> 1007") -> 1017 -> 1007 | AE3: =IFERROR(__xludf.DUMMYFUNCTION("""COMPUTED_VALUE"""),"1076") -> 1076
A4: =IFERROR(__xludf.DUMMYFUNCTION("""COMPUTED_VALUE"""),"3") -> 3 | B4: =IFERROR(__xludf.DUMMYFUNCTION("""COMPUTED_VALUE"""),"Loss") -> Loss | C4: =IFERROR(__xludf.DUMMYFUNCTION("""COMPUTED_VALUE"""),"vs") -> vs | D4: =IFERROR(__xludf.DUMMYFUNCTION("""COMPUTED_VALUE"""),"Larateamo") -> Larateamo | E4: =IFERROR(__xludf.DUMMYFUNCTION("""COMPUTED_VALUE"""),"Chien-Pao") -> Chien-Pao | F4: =IFERROR(__xludf.DUMMYFUNCTION("""COMPUTED_VALUE"""),"Urshifu-*") -> Urshifu-* | G4: =IFERROR(__xludf.DUMMYFUNCTION("""COMPUTED_VALUE"""),"Raging Bolt") -> Raging Bolt | H4: =IFERROR(__xludf.DUMMYFUNCTION("""COMPUTED_VALUE"""),"Incineroar") -> Incineroar | I4: =IFERROR(__xludf.DUMMYFUNCTION("""COMPUTED_VALUE"""),"Amoonguss") -> Amoonguss | J4: =IFERROR(__xludf.DUMMYFUNCTION("""COMPUTED_VALUE"""),"Gholdengo") -> Gholdengo | N4: =IFERROR(__xludf.DUMMYFUNCTION("""COMPUTED_VALUE"""),"Alcremie-Matcha-Cream") -> Alcremie-Matcha-Cream | O4: =IFERROR(__xludf.DUMMYFUNCTION("""COMPUTED_VALUE"""),"Skeledirge") -> Skeledirge | P4: =IFERROR(__xludf.DUMMYFUNCTION("""COMPUTED_VALUE"""),"Exeggutor-Alola") -> Exeggutor-Alola | Q4: =IFERROR(__xludf.DUMMYFUNCTION("""COMPUTED_VALUE"""),"Weavile") -> Weavile | S4: =IFERROR(__xludf.DUMMYFUNCTION("""COMPUTED_VALUE"""),"Raging Bolt") -> Raging Bolt | T4: =IFERROR(__xludf.DUMMYFUNCTION("""COMPUTED_VALUE"""),"Urshifu-Rapid-Strike") -> Urshifu-Rapid-Strike | U4: =IFERROR(__xludf.DUMMYFUNCTION("""COMPUTED_VALUE"""),"Incineroar") -> Incineroar | V4: =IFERROR(__xludf.DUMMYFUNCTION("""COMPUTED_VALUE"""),"Amoonguss") -> Amoonguss | Y4: =IFERROR(__xludf.DUMMYFUNCTION("""COMPUTED_VALUE"""),"Skeledirge") -> Skeledirge | Z4: =IFERROR(__xludf.DUMMYFUNCTION("""COMPUTED_VALUE"""),"Grass") -> Grass | AA4: =IFERROR(__xludf.DUMMYFUNCTION("""COMPUTED_VALUE"""),"Amoonguss") -> Amoonguss | AB4: =IFERROR(__xludf.DUMMYFUNCTION("""COMPUTED_VALUE"""),"Water") -> Water | AD4: =IFERROR(__xludf.DUMMYFUNCTION("""COMPUTED_VALUE"""),"1007 -> 1000") -> 1007 -> 1000 | AE4: =IFERROR(__xludf.DUMMYFUNCTION("""COMPUTED_VALUE"""),"1000") -> 1000
A5: =IFERROR(__xludf.DUMMYFUNCTION("""COMPUTED_VALUE"""),"4") -> 4 | B5: =IFERROR(__xludf.DUMMYFUNCTION("""COMPUTED_VALUE"""),"Loss") -> Loss | C5: =IFERROR(__xludf.DUMMYFUNCTION("""COMPUTED_VALUE"""),"vs") -> vs | D5: =IFERROR(__xludf.DUMMYFUNCTION("""COMPUTED_VALUE"""),"thaoss") -> thaoss | E5: =IFERROR(__xludf.DUMMYFUNCTION("""COMPUTED_VALUE"""),"Incineroar") -> Incineroar | F5: =IFERROR(__xludf.DUMMYFUNCTION("""COMPUTED_VALUE"""),"Rillaboom") -> Rillaboom | G5: =IFERROR(__xludf.DUMMYFUNCTION("""COMPUTED_VALUE"""),"Ursaluna-Bloodmoon") -> Ursaluna-Bloodmoon | H5: =IFERROR(__xludf.DUMMYFUNCTION("""COMPUTED_VALUE"""),"Farigiraf") -> Farigiraf | I5: =IFERROR(__xludf.DUMMYFUNCTION("""COMPUTED_VALUE"""),"Raging Bolt") -> Raging Bolt | J5: =IFERROR(__xludf.DUMMYFUNCTION("""COMPUTED_VALUE"""),"Urshifu-*") -> Urshifu-* | N5: =IFERROR(__xludf.DUMMYFUNCTION("""COMPUTED_VALUE"""),"Salamence") -> Salamence | O5: =IFERROR(__xludf.DUMMYFUNCTION("""COMPUTED_VALUE"""),"Alcremie-Matcha-Cream") -> Alcremie-Matcha-Cream | P5: =IFERROR(__xludf.DUMMYFUNCTION("""COMPUTED_VALUE"""),"Weavile") -> Weavile | Q5: =IFERROR(__xludf.DUMMYFUNCTION("""COMPUTED_VALUE"""),"Skeledirge") -> Skeledirge | S5: =IFERROR(__xludf.DUMMYFUNCTION("""COMPUTED_VALUE"""),"Urshifu-Rapid-Strike") -> Urshifu-Rapid-Strike | T5: =IFERROR(__xludf.DUMMYFUNCTION("""COMPUTED_VALUE"""),"Farigiraf") -> Farigiraf | U5: =IFERROR(__xludf.DUMMYFUNCTION("""COMPUTED_VALUE"""),"Ursaluna-Bloodmoon") -> Ursaluna-Bloodmoon | V5: =IFERROR(__xludf.DUMMYFUNCTION("""COMPUTED_VALUE"""),"Incineroar") -> Incineroar | Y5: =IFERROR(__xludf.DUMMYFUNCTION("""COMPUTED_VALUE"""),"Salamence") -> Salamence | Z5: =IFERROR(__xludf.DUMMYFUNCTION("""COMPUTED_VALUE"""),"Flying") -> Flying | AA5: =IFERROR(__xludf.DUMMYFUNCTION("""COMPUTED_VALUE"""),"Ursaluna-Bloodmoon") -> Ursaluna-Bloodmoon | AB5: =IFERROR(__xludf.DUMMYFUNCTION("""COMPUTED_VALUE"""),"Normal") -> Normal | AD5: =IFERROR(__xludf.DUMMYFUNCTION("""COMPUTED_VALUE"""),"1000 -> 1000") -> 1000 -> 1000 | AE5: =IFERROR(__xludf.DUMMYFUNCTION("""COMPUTED_VALUE"""),"1000") -> 1000

Sheet Usage Stats
C4: Usage and Win% Stats | N4: Usage of Tera and Win% Stats | Y4: Most Common Lead Pairs
C5: =VLOOKUP('Team Info From Paste'!D2, PokemonIcons, 2, False) -> #REF! | D5: =IF(Report!G5 = "N/A", "not", "won") -> won | E5: =IF(Report!E5 = 0, "", Report!F5) -> 0 | F5: =IF(Report!G5 = "N/A", "", "of") -> of | G5: =IF(Report!E5 = 0, "", Report!E5) -> 4 | H5: =IF(Report!G5 = "N/A", "used", "games") -> games | I5: =IF(Report!G5 = "N/A", "", ("("&LEFT(Report!G5, 3)&"%)")) -> (0%) | N5: =VLOOKUP('Team Info From Paste'!D2, PokemonIcons, 2, False) -> #REF! | O5: =VLOOKUP('Team Info From Paste'!J2, TypeIcons, 2, False) -> #REF! | P5: =IF(Report!J5 = 0, "", "won") | Q5: =IF(Report!J5 = 0, "", Report!K5) | R5: =IF(Report!J5 = 0, "", "of") | S5: =IF(Report!J5 = 0, "", Report!J5) | T5: =IF(Report!J5 = 0, "did not Tera", "games using Tera") -> did not Tera | U5: =IF(Report!J5 = 0, "", ("("&LEFT(Report!L5, 3)&"%)")) | AA5: Winrate
C6: =VLOOKUP('Team Info From Paste'!D3, PokemonIcons, 2, False) -> #REF! | D6: =IF(Report!G6 = "N/A", "not", "won") -> won | E6: =IF(Report!E6 = 0, "", Report!F6) -> 0 | F6: =IF(Report!G6 = "N/A", "", "of") -> of | G6: =IF(Report!E6 = 0, "", Report!E6) -> 4 | H6: =IF(Report!G6 = "N/A", "used", "games") -> games | I6: =IF(Report!G6 = "N/A", "", ("("&LEFT(Report!G6, 3)&"%)")) -> (0%) | N6: =VLOOKUP('Team Info From Paste'!D3, PokemonIcons, 2, False) -> #REF! | O6: =VLOOKUP('Team Info From Paste'!J3, TypeIcons, 2, False) -> #REF! | P6: =IF(Report!J6 = 0, "", "won") | Q6: =IF(Report!J6 = 0, "", Report!K6) | R6: =IF(Report!J6 = 0, "", "of") | S6: =IF(Report!J6 = 0, "", Report!J6) | T6: =IF(Report!J6 = 0, "did not Tera", "games using Tera") -> did not Tera | U6: =IF(Report!J6 = 0, "", ("("&LEFT(Report!L6, 3)&"%)")) | Y6: =IF('Lead Combo Reporting'!N6 <> 0, VLOOKUP(IFERROR(VLOOKUP('Lead Combo Reporting'!L6, FormFixes, 2, FALSE), 'Lead Combo Reporting'!L6), PokemonIcons, 2, False), "") -> #REF! | Z6: =IF('Lead Combo Reporting'!N6 <> 0, VLOOKUP(IFERROR(VLOOKUP('Lead Combo Reporting'!M6, FormFixes, 2, FALSE), 'Lead Combo Reporting'!M6), PokemonIcons, 2, False), "") -> #REF! | AA6: =IF('Lead Combo Reporting'!N6 <> 0, 'Lead Combo Reporting'!O6/'Lead Combo Reporting'!N6, "") -> 0 | AB6: =IF('Lead Combo Reporting'!N6 <> 0, 'Lead Combo Reporting'!O6 & " of " & 'Lead Combo Reporting'!N6 & " games", "") -> 0 of 2 games
C7: =VLOOKUP('Team Info From Paste'!D4, PokemonIcons, 2, False) -> #REF! | D7: =IF(Report!G7 = "N/A", "not", "won") -> won | E7: =IF(Report!E7 = 0, "", Report!F7) -> 0 | F7: =IF(Report!G7 = "N/A", "", "of") -> of | G7: =IF(Report!E7 = 0, "", Report!E7) -> 3 | H7: =IF(Report!G7 = "N/A", "used", "games") -> games | I7: =IF(Report!G7 = "N/A", "", ("("&LEFT(Report!G7, 3)&"%)")) -> (0%) | N7: =VLOOKUP('Team Info From Paste'!D4, PokemonIcons, 2, False) -> #REF! | O7: =VLOOKUP('Team Info From Paste'!J4, TypeIcons, 2, False) -> #REF! | P7: =IF(Report!J7 = 0, "", "won") -> won | Q7: =IF(Report!J7 = 0, "", Report!K7) -> 0 | R7: =IF(Report!J7 = 0, "", "of") -> of | S7: =IF(Report!J7 = 0, "", Report!J7) -> 2 | T7: =IF(Report!J7 = 0, "did not Tera", "games using Tera") -> games using Tera | U7: =IF(Report!J7 = 0, "", ("("&LEFT(Report!L7, 3)&"%)")) -> (0%) | Y7: =IF('Lead Combo Reporting'!N7 <> 0, VLOOKUP(IFERROR(VLOOKUP('Lead Combo Reporting'!L7, FormFixes, 2, FALSE), 'Lead Combo Reporting'!L7), PokemonIcons, 2, False), "") -> #REF! | Z7: =IF('Lead Combo Reporting'!N7 <> 0, VLOOKUP(IFERROR(VLOOKUP('Lead Combo Reporting'!M7, FormFixes, 2, FALSE), 'Lead Combo Reporting'!M7), PokemonIcons, 2, False), "") -> #REF! | AA7: =IF('Lead Combo Reporting'!N7 <> 0, 'Lead Combo Reporting'!O7/'Lead Combo Reporting'!N7, "") -> 0 | AB7: =IF('Lead Combo Reporting'!N7 <> 0, 'Lead Combo Reporting'!O7 & " of " & 'Lead Combo Reporting'!N7 & " games", "") -> 0 of 2 games
C8: =VLOOKUP('Team Info From Paste'!D5, PokemonIcons, 2, False) -> #REF! | D8: =IF(Report!G8 = "N/A", "not", "won") -> won | E8: =IF(Report!E8 = 0, "", Report!F8) -> 0 | F8: =IF(Report!G8 = "N/A", "", "of") -> of | G8: =IF(Report!E8 = 0, "", Report!E8) -> 1 | H8: =IF(Report!G8 = "N/A", "used", "games") -> games | I8: =IF(Report!G8 = "N/A", "", ("("&LEFT(Report!G8, 3)&"%)")) -> (0%) | N8: =VLOOKUP('Team Info From Paste'!D5, PokemonIcons, 2, False) -> #REF! | O8: =VLOOKUP('Team Info From Paste'!J5, TypeIcons, 2, False) -> #REF! | P8: =IF(Report!J8 = 0, "", "won") -> won | Q8: =IF(Report!J8 = 0, "", Report!K8) -> 0 | R8: =IF(Report!J8 = 0, "", "of") -> of | S8: =IF(Report!J8 = 0, "", Report!J8) -> 1 | T8: =IF(Report!J8 = 0, "did not Tera", "games using Tera") -> games using Tera | U8: =IF(Report!J8 = 0, "", ("("&LEFT(Report!L8, 3)&"%)")) -> (0%) | Y8: =IF('Lead Combo Reporting'!N8 <> 0, VLOOKUP(IFERROR(VLOOKUP('Lead Combo Reporting'!L8, FormFixes, 2, FALSE), 'Lead Combo Reporting'!L8), PokemonIcons, 2, False), "") | Z8: =IF('Lead Combo Reporting'!N8 <> 0, VLOOKUP(IFERROR(VLOOKUP('Lead Combo Reporting'!M8, FormFixes, 2, FALSE), 'Lead Combo Reporting'!M8), PokemonIcons, 2, False), "") | AA8: =IF('Lead Combo Reporting'!N8 <> 0, 'Lead Combo Reporting'!O8/'Lead Combo Reporting'!N8, "") | AB8: =IF('Lead Combo Reporting'!N8 <> 0, 'Lead Combo Reporting'!O8 & " of " & 'Lead Combo Reporting'!N8 & " games", "")
C9: =VLOOKUP('Team Info From Paste'!D6, PokemonIcons, 2, False) -> #REF! | D9: =IF(Report!G9 = "N/A", "not", "won") -> won | E9: =IF(Report!E9 = 0, "", Report!F9) -> 0 | F9: =IF(Report!G9 = "N/A", "", "of") -> of | G9: =IF(Report!E9 = 0, "", Report!E9) -> 1 | H9: =IF(Report!G9 = "N/A", "used", "games") -> games | I9: =IF(Report!G9 = "N/A", "", ("("&LEFT(Report!G9, 3)&"%)")) -> (0%) | N9: =VLOOKUP('Team Info From Paste'!D6, PokemonIcons, 2, False) -> #REF! | O9: =VLOOKUP('Team Info From Paste'!J6, TypeIcons, 2, False) -> #REF! | P9: =IF(Report!J9 = 0, "", "won") | Q9: =IF(Report!J9 = 0, "", Report!K9) | R9: =IF(Report!J9 = 0, "", "of") | S9: =IF(Report!J9 = 0, "", Report!J9) | T9: =IF(Report!J9 = 0, "did not Tera", "games using Tera") -> did not Tera | U9: =IF(Report!J9 = 0, "", ("("&LEFT(Report!L9, 3)&"%)")) | Y9: =IF('Lead Combo Reporting'!N9 <> 0, VLOOKUP(IFERROR(VLOOKUP('Lead Combo Reporting'!L9, FormFixes, 2, FALSE), 'Lead Combo Reporting'!L9), PokemonIcons, 2, False), "") | Z9: =IF('Lead Combo Reporting'!N9 <> 0, VLOOKUP(IFERROR(VLOOKUP('Lead Combo Reporting'!M9, FormFixes, 2, FALSE), 'Lead Combo Reporting'!M9), PokemonIcons, 2, False), "") | AA9: =IF('Lead Combo Reporting'!N9 <> 0, 'Lead Combo Reporting'!O9/'Lead Combo Reporting'!N9, "") | AB9: =IF('Lead Combo Reporting'!N9 <> 0, 'Lead Combo Reporting'!O9 & " of " & 'Lead Combo Reporting'!N9 & " games", "")
C10: =VLOOKUP('Team Info From Paste'!D7, PokemonIcons, 2, False) -> #REF! | D10: =IF(Report!G10 = "N/A", "not", "won") -> won | E10: =IF(Report!E10 = 0, "", Report!F10) -> 0 | F10: =IF(Report!G10 = "N/A", "", "of") -> of | G10: =IF(Report!E10 = 0, "", Report!E10) -> 3 | H10: =IF(Report!G10 = "N/A", "used", "games") -> games | I10: =IF(Report!G10 = "N/A", "", ("("&LEFT(Report!G10, 3)&"%)")) -> (0%) | N10: =VLOOKUP('Team Info From Paste'!D7, PokemonIcons, 2, False) -> #REF! | O10: =VLOOKUP('Team Info From Paste'!J7, TypeIcons, 2, False) -> #REF! | P10: =IF(Report!J10 = 0, "", "won") -> won | Q10: =IF(Report!J10 = 0, "", Report!K10) -> 0 | R10: =IF(Report!J10 = 0, "", "of") -> of | S10: =IF(Report!J10 = 0, "", Report!J10) -> 1 | T10: =IF(Report!J10 = 0, "did not Tera", "games using Tera") -> games using Tera | U10: =IF(Report!J10 = 0, "", ("("&LEFT(Report!L10, 3)&"%)")) -> (0%) | Y10: =IF('Lead Combo Reporting'!N10 <> 0, VLOOKUP(IFERROR(VLOOKUP('Lead Combo Reporting'!L10, FormFixes, 2, FALSE), 'Lead Combo Reporting'!L10), PokemonIcons, 2, False), "") | Z10: =IF('Lead Combo Reporting'!N10 <> 0, VLOOKUP(IFERROR(VLOOKUP('Lead Combo Reporting'!M10, FormFixes, 2, FALSE), 'Lead Combo Reporting'!M10), PokemonIcons, 2, False), "") | AA10: =IF('Lead Combo Reporting'!N10 <> 0, 'Lead Combo Reporting'!O10/'Lead Combo Reporting'!N10, "") | AB10: =IF('Lead Combo Reporting'!N10 <> 0, 'Lead Combo Reporting'!O10 & " of " & 'Lead Combo Reporting'!N10 & " games", "")
C16: Lead and Win% Stats | N16: Open Teamsheet Stats (OTS) | Y16: Best Lead Pairs
C17: =VLOOKUP('Team Info From Paste'!D2, PokemonIcons, 2, False) -> #REF! | D17: =IF(Report!G14 = "N/A", "didn't", "won") -> won | E17: =IF(Report!E14 = 0, "", Report!F14) -> 0 | F17: =IF(Report!E14 = 0, "", "of") -> of | G17: =IF(Report!E14 = 0, "", Report!E14) -> 4 | H17: =IF(Report!G14 = "N/A", "lead", "leads") -> leads | I17: =IF(Report!G14 = "N/A", "", ("("&LEFT(Report!G14, 3)&"%)")) -> (0%) | N17: =OtherIcons!A2 -> #REF! | O17: You | P17: =IF(Report!E23 = 0, "", "won") | Q17: =IF(Report!E23 = 0, "", Report!E26) | R17: =IF(Report!E23 = 0, "", "of") | S17: =IF(Report!E23 = 0, "", Report!E23) | T17: =IF(Report!E23 = 0, "didn't play OTS", "OTS games") -> didn't play OTS | U17: =IF(Report!E23 = 0, "", ("("&LEFT(Report!G23, 3)&"%)")) | AA17: Winrate
C18: =VLOOKUP('Team Info From Paste'!D3, PokemonIcons, 2, False) -> #REF! | D18: =IF(Report!G15 = "N/A", "didn't", "won") -> didn't | E18: =IF(Report!E15 = 0, "", Report!F15) | F18: =IF(Report!E15 = 0, "", "of") | G18: =IF(Report!E15 = 0, "", Report!E15) | H18: =IF(Report!G15 = "N/A", "lead", "leads") -> lead | I18: =IF(Report!G15 = "N/A", "", ("("&LEFT(Report!G15, 3)&"%)")) | N18: =OtherIcons!A1 -> #REF! | O18: You | P18: =IF(Report!E24 = 0, "", "won") -> won | Q18: =IF(Report!E24 = 0, "", Report!E29) -> 0 | R18: =IF(Report!E24 = 0, "", "of") -> of | S18: =IF(Report!E24 = 0, "", Report!E24) -> 4 | T18: =IF(Report!E24 = 0, "didn't play CTS", "CTS games") -> CTS games | U18: =IF(Report!E24 = 0, "", ("("&LEFT(Report!H23, 3)&"%)")) -> (0%) | Y18: =IF('Lead Combo Reporting'!U6 <> 0, VLOOKUP(IFERROR(VLOOKUP('Lead Combo Reporting'!S6, FormFixes, 2, FALSE), 'Lead Combo Reporting'!S6), PokemonIcons, 2, False), "") -> #REF! | Z18: =IF('Lead Combo Reporting'!U6 <> 0, VLOOKUP(IFERROR(VLOOKUP('Lead Combo Reporting'!T6, FormFixes, 2, FALSE), 'Lead Combo Reporting'!T6), PokemonIcons, 2, False), "") -> #REF! | AA18: =IF('Lead Combo Reporting'!U6 <> 0, 'Lead Combo Reporting'!V6/'Lead Combo Reporting'!U6, "") -> 0 | AB18: =IF('Lead Combo Reporting'!U6 <> 0, 'Lead Combo Reporting'!V6 & " of " & 'Lead Combo Reporting'!U6 & " games", "") -> 0 of 2 games
C19: =VLOOKUP('Team Info From Paste'!D4, PokemonIcons, 2, False) -> #REF! | D19: =IF(Report!G16 = "N/A", "didn't", "won") -> won | E19: =IF(Report!E16 = 0, "", Report!F16) -> 0 | F19: =IF(Report!E16 = 0, "", "of") -> of | G19: =IF(Report!E16 = 0, "", Report!E16) -> 2 | H19: =IF(Report!G16 = "N/A", "lead", "leads") -> leads | I19: =IF(Report!G16 = "N/A", "", ("("&LEFT(Report!G16, 3)&"%)")) -> (0%) | Y19: =IF('Lead Combo Reporting'!U7 <> 0, VLOOKUP(IFERROR(VLOOKUP('Lead Combo Reporting'!S7, FormFixes, 2, FALSE), 'Lead Combo Reporting'!S7), PokemonIcons, 2, False), "") -> #REF! | Z19: =IF('Lead Combo Reporting'!U7 <> 0, VLOOKUP(IFERROR(VLOOKUP('Lead Combo Reporting'!T7, FormFixes, 2, FALSE), 'Lead Combo Reporting'!T7), PokemonIcons, 2, False), "") -> #REF! | AA19: =IF('Lead Combo Reporting'!U7 <> 0, 'Lead Combo Reporting'!V7/'Lead Combo Reporting'!U7, "") -> 0 | AB19: =IF('Lead Combo Reporting'!U7 <> 0, 'Lead Combo Reporting'!V7 & " of " & 'Lead Combo Reporting'!U7 & " games", "") -> 0 of 2 games
C20: =VLOOKUP('Team Info From Paste'!D5, PokemonIcons, 2, False) -> #REF! | D20: =IF(Report!G17 = "N/A", "didn't", "won") -> didn't | E20: =IF(Report!E17 = 0, "", Report!F17) | F20: =IF(Report!E17 = 0, "", "of") | G20: =IF(Report!E17 = 0, "", Report!E17) | H20: =IF(Report!G17 = "N/A", "lead", "leads") -> lead | I20: =IF(Report!G17 = "N/A", "", ("("&LEFT(Report!G17, 3)&"%)")) | Y20: =IF('Lead Combo Reporting'!U8 <> 0, VLOOKUP(IFERROR(VLOOKUP('Lead Combo Reporting'!S8, FormFixes, 2, FALSE), 'Lead Combo Reporting'!S8), PokemonIcons, 2, False), "") | Z20: =IF('Lead Combo Reporting'!U8 <> 0, VLOOKUP(IFERROR(VLOOKUP('Lead Combo Reporting'!T8, FormFixes, 2, FALSE), 'Lead Combo Reporting'!T8), PokemonIcons, 2, False), "") | AA20: =IF('Lead Combo Reporting'!U8 <> 0, 'Lead Combo Reporting'!V8/'Lead Combo Reporting'!U8, "") | AB20: =IF('Lead Combo Reporting'!U8 <> 0, 'Lead Combo Reporting'!V8 & " of " & 'Lead Combo Reporting'!U8 & " games", "")
C21: =VLOOKUP('Team Info From Paste'!D6, PokemonIcons, 2, False) -> #REF! | D21: =IF(Report!G18 = "N/A", "didn't", "won") -> didn't | E21: =IF(Report!E18 = 0, "", Report!F18) | F21: =IF(Report!E18 = 0, "", "of") | G21: =IF(Report!E18 = 0, "", Report!E18) | H21: =IF(Report!G18 = "N/A", "lead", "leads") -> lead | I21: =IF(Report!G18 = "N/A", "", ("("&LEFT(Report!G18, 3)&"%)")) | Y21: =IF('Lead Combo Reporting'!U9 <> 0, VLOOKUP(IFERROR(VLOOKUP('Lead Combo Reporting'!S9, FormFixes, 2, FALSE), 'Lead Combo Reporting'!S9), PokemonIcons, 2, False), "") | Z21: =IF('Lead Combo Reporting'!U9 <> 0, VLOOKUP(IFERROR(VLOOKUP('Lead Combo Reporting'!T9, FormFixes, 2, FALSE), 'Lead Combo Reporting'!T9), PokemonIcons, 2, False), "") | AA21: =IF('Lead Combo Reporting'!U9 <> 0, 'Lead Combo Reporting'!V9/'Lead Combo Reporting'!U9, "") | AB21: =IF('Lead Combo Reporting'!U9 <> 0, 'Lead Combo Reporting'!V9 & " of " & 'Lead Combo Reporting'!U9 & " games", "")
C22: =VLOOKUP('Team Info From Paste'!D7, PokemonIcons, 2, False) -> #REF! | D22: =IF(Report!G19 = "N/A", "didn't", "won") -> won | E22: =IF(Report!E19 = 0, "", Report!F19) -> 0 | F22: =IF(Report!E19 = 0, "", "of") -> of | G22: =IF(Report!E19 = 0, "", Report!E19) -> 2 | H22: =IF(Report!G19 = "N/A", "lead", "leads") -> leads | I22: =IF(Report!G19 = "N/A", "", ("("&LEFT(Report!G19, 3)&"%)")) -> (0%) | Y22: =IF('Lead Combo Reporting'!U10 <> 0, VLOOKUP(IFERROR(VLOOKUP('Lead Combo Reporting'!S10, FormFixes, 2, FALSE), 'Lead Combo Reporting'!S10), PokemonIcons, 2, False), "") | Z22: =IF('Lead Combo Reporting'!U10 <> 0, VLOOKUP(IFERROR(VLOOKUP('Lead Combo Reporting'!T10, FormFixes, 2, FALSE), 'Lead Combo Reporting'!T10), PokemonIcons, 2, False), "") | AA22: =IF('Lead Combo Reporting'!U10 <> 0, 'Lead Combo Reporting'!V10/'Lead Combo Reporting'!U10, "") | AB22: =IF('Lead Combo Reporting'!U10 <> 0, 'Lead Combo Reporting'!V10 & " of " & 'Lead Combo Reporting'!U10 & " games", "")

Sheet Lead Combo Reporting
B1: CX and CY are player leads | F1: Team Data from paste C2:C7 | K1: =IFERROR(__xludf.DUMMYFUNCTION("COUNT(QUERY(A5:D105, ""SELECT * WHERE (Col2 = '""&L2&""' OR Col3 = '""&L2&""') AND (Col2 = '""&M2&""' OR Col3 = '""&M2&""')""))"),96.0) -> 96
F4: Combo Table | L4: Combo Table | M4: Most Common | S4: Combo Table | T4: Most Wins
A5: Game | B5: Player Lead 1 | C5: Player Lead 2 | D5: Win? | F5: Lead A | G5: Lead B | H5: # Led | I5: # won | J5: % WIn | L5: =IFERROR(__xludf.DUMMYFUNCTION("QUERY(LeadComboTable, ""SELECT * ORDER BY Col3 DESC"")"),"Lead A") -> Lead A | M5: =IFERROR(__xludf.DUMMYFUNCTION("""COMPUTED_VALUE"""),"Lead B") -> Lead B | N5: =IFERROR(__xludf.DUMMYFUNCTION("""COMPUTED_VALUE"""),"# Led") -> # Led | O5: =IFERROR(__xludf.DUMMYFUNCTION("""COMPUTED_VALUE"""),"# won") -> # won | P5: =IFERROR(__xludf.DUMMYFUNCTION("""COMPUTED_VALUE"""),"% WIn") -> % WIn | S5: =IFERROR(__xludf.DUMMYFUNCTION("QUERY(LeadComboTable, ""SELECT * ORDER BY Col5 DESC, Col3 DESC"")"),"Lead A") -> Lead A | T5: =IFERROR(__xludf.DUMMYFUNCTION("""COMPUTED_VALUE"""),"Lead B") -> Lead B | U5: =IFERROR(__xludf.DUMMYFUNCTION("""COMPUTED_VALUE"""),"# Led") -> # Led | V5: =IFERROR(__xludf.DUMMYFUNCTION("""COMPUTED_VALUE"""),"# won") -> # won | W5: =IFERROR(__xludf.DUMMYFUNCTION("""COMPUTED_VALUE"""),"% WIn") -> % WIn
A6: 1 | B6: ='Base Data'!CX3 -> Alcremie-Matcha-Cream | C6: ='Base Data'!CY3 -> Skeledirge | D6: ='Base Data'!DW3 -> Loss | F6: ='Team Info From Paste'!C2 -> Alcremie-Matcha-Cream | G6: ='Team Info From Paste'!C3 -> Weavile | H6: =IFERROR(__xludf.DUMMYFUNCTION("COUNT(QUERY(PlayerLeadTable, ""SELECT * WHERE (Col2 = '""&F6&""' OR Col3 = '""&F6&""') AND (Col2 = '""&G6&""' OR Col3 = '""&G6&""')""))"),0.0) -> 0 | I6: =IFERROR(__xludf.DUMMYFUNCTION("COUNT(QUERY(PlayerLeadTable, ""SELECT * WHERE ((Col2 = '""&F6&""' OR Col3 = '""&F6&""') AND (Col2 = '""&G6&""' OR Col3 = '""&G6&""')) AND Col4 = 'Win'""))"),0.0) -> 0 | J6: =IFERROR(I6/H6, "") | L6: =IFERROR(__xludf.DUMMYFUNCTION("""COMPUTED_VALUE"""),"Alcremie-Matcha-Cream") -> Alcremie-Matcha-Cream | M6: =IFERROR(__xludf.DUMMYFUNCTION("""COMPUTED_VALUE"""),"Skeledirge") -> Skeledirge | N6: =IFERROR(__xludf.DUMMYFUNCTION("""COMPUTED_VALUE"""),2.0) -> 2 | O6: =IFERROR(__xludf.DUMMYFUNCTION("""COMPUTED_VALUE"""),0.0) -> 0 | P6: =IFERROR(__xludf.DUMMYFUNCTION("""COMPUTED_VALUE"""),0.0) -> 0 | S6: =IFERROR(__xludf.DUMMYFUNCTION("""COMPUTED_VALUE"""),"Alcremie-Matcha-Cream") -> Alcremie-Matcha-Cream | T6: =IFERROR(__xludf.DUMMYFUNCTION("""COMPUTED_VALUE"""),"Skeledirge") -> Skeledirge | U6: =IFERROR(__xludf.DUMMYFUNCTION("""COMPUTED_VALUE"""),2.0) -> 2 | V6: =IFERROR(__xludf.DUMMYFUNCTION("""COMPUTED_VALUE"""),0.0) -> 0 | W6: =IFERROR(__xludf.DUMMYFUNCTION("""COMPUTED_VALUE"""),0.0) -> 0
A7: 2 | B7: ='Base Data'!CX4 -> Alcremie-Matcha-Cream | C7: ='Base Data'!CY4 -> Salamence | D7: ='Base Data'!DW4 -> Loss | F7: ='Team Info From Paste'!C2 -> Alcremie-Matcha-Cream | G7: ='Team Info From Paste'!C4 -> Skeledirge | H7: =IFERROR(__xludf.DUMMYFUNCTION("COUNT(QUERY(PlayerLeadTable, ""SELECT * WHERE (Col2 = '""&F7&""' OR Col3 = '""&F7&""') AND (Col2 = '""&G7&""' OR Col3 = '""&G7&""')""))"),2.0) -> 2 | I7: =IFERROR(__xludf.DUMMYFUNCTION("COUNT(QUERY(PlayerLeadTable, ""SELECT * WHERE ((Col2 = '""&F7&""' OR Col3 = '""&F7&""') AND (Col2 = '""&G7&""' OR Col3 = '""&G7&""')) AND Col4 = 'Win'""))"),0.0) -> 0 | J7: =IFERROR(I7/H7, "") -> 0 | L7: =IFERROR(__xludf.DUMMYFUNCTION("""COMPUTED_VALUE"""),"Alcremie-Matcha-Cream") -> Alcremie-Matcha-Cream | M7: =IFERROR(__xludf.DUMMYFUNCTION("""COMPUTED_VALUE"""),"Salamence") -> Salamence | N7: =IFERROR(__xludf.DUMMYFUNCTION("""COMPUTED_VALUE"""),2.0) -> 2 | O7: =IFERROR(__xludf.DUMMYFUNCTION("""COMPUTED_VALUE"""),0.0) -> 0 | P7: =IFERROR(__xludf.DUMMYFUNCTION("""COMPUTED_VALUE"""),0.0) -> 0 | S7: =IFERROR(__xludf.DUMMYFUNCTION("""COMPUTED_VALUE"""),"Alcremie-Matcha-Cream") -> Alcremie-Matcha-Cream | T7: =IFERROR(__xludf.DUMMYFUNCTION("""COMPUTED_VALUE"""),"Salamence") -> Salamence | U7: =IFERROR(__xludf.DUMMYFUNCTION("""COMPUTED_VALUE"""),2.0) -> 2 | V7: =IFERROR(__xludf.DUMMYFUNCTION("""COMPUTED_VALUE"""),0.0) -> 0 | W7: =IFERROR(__xludf.DUMMYFUNCTION("""COMPUTED_VALUE"""),0.0) -> 0
A8: 3 | B8: ='Base Data'!CX5 -> Alcremie-Matcha-Cream | C8: ='Base Data'!CY5 -> Skeledirge | D8: ='Base Data'!DW5 -> Loss | F8: ='Team Info From Paste'!C2 -> Alcremie-Matcha-Cream | G8: ='Team Info From Paste'!C5 -> Gholdengo | H8: =IFERROR(__xludf.DUMMYFUNCTION("COUNT(QUERY(PlayerLeadTable, ""SELECT * WHERE (Col2 = '""&F8&""' OR Col3 = '""&F8&""') AND (Col2 = '""&G8&""' OR Col3 = '""&G8&""')""))"),0.0) -> 0 | I8: =IFERROR(__xludf.DUMMYFUNCTION("COUNT(QUERY(PlayerLeadTable, ""SELECT * WHERE ((Col2 = '""&F8&""' OR Col3 = '""&F8&""') AND (Col2 = '""&G8&""' OR Col3 = '""&G8&""')) AND Col4 = 'Win'""))"),0.0) -> 0 | J8: =IFERROR(I8/H8, "") | L8: =IFERROR(__xludf.DUMMYFUNCTION("""COMPUTED_VALUE"""),"Alcremie-Matcha-Cream") -> Alcremie-Matcha-Cream | M8: =IFERROR(__xludf.DUMMYFUNCTION("""COMPUTED_VALUE"""),"Weavile") -> Weavile | N8: =IFERROR(__xludf.DUMMYFUNCTION("""COMPUTED_VALUE"""),0.0) -> 0 | O8: =IFERROR(__xludf.DUMMYFUNCTION("""COMPUTED_VALUE"""),0.0) -> 0 | S8: =IFERROR(__xludf.DUMMYFUNCTION("""COMPUTED_VALUE"""),"Alcremie-Matcha-Cream") -> Alcremie-Matcha-Cream | T8: =IFERROR(__xludf.DUMMYFUNCTION("""COMPUTED_VALUE"""),"Weavile") -> Weavile | U8: =IFERROR(__xludf.DUMMYFUNCTION("""COMPUTED_VALUE"""),0.0) -> 0 | V8: =IFERROR(__xludf.DUMMYFUNCTION("""COMPUTED_VALUE"""),0.0) -> 0
A9: 4 | B9: ='Base Data'!CX6 -> Salamence | C9: ='Base Data'!CY6 -> Alcremie-Matcha-Cream | D9: ='Base Data'!DW6 -> Loss | F9: ='Team Info From Paste'!C2 -> Alcremie-Matcha-Cream | G9: ='Team Info From Paste'!C6 -> Exeggutor-Alola | H9: =IFERROR(__xludf.DUMMYFUNCTION("COUNT(QUERY(PlayerLeadTable, ""SELECT * WHERE (Col2 = '""&F9&""' OR Col3 = '""&F9&""') AND (Col2 = '""&G9&""' OR Col3 = '""&G9&""')""))"),0.0) -> 0 | I9: =IFERROR(__xludf.DUMMYFUNCTION("COUNT(QUERY(PlayerLeadTable, ""SELECT * WHERE ((Col2 = '""&F9&""' OR Col3 = '""&F9&""') AND (Col2 = '""&G9&""' OR Col3 = '""&G9&""')) AND Col4 = 'Win'""))"),0.0) -> 0 | J9: =IFERROR(I9/H9, "") | L9: =IFERROR(__xludf.DUMMYFUNCTION("""COMPUTED_VALUE"""),"Alcremie-Matcha-Cream") -> Alcremie-Matcha-Cream | M9: =IFERROR(__xludf.DUMMYFUNCTION("""COMPUTED_VALUE"""),"Gholdengo") -> Gholdengo | N9: =IFERROR(__xludf.DUMMYFUNCTION("""COMPUTED_VALUE"""),0.0) -> 0 | O9: =IFERROR(__xludf.DUMMYFUNCTION("""COMPUTED_VALUE"""),0.0) -> 0 | S9: =IFERROR(__xludf.DUMMYFUNCTION("""COMPUTED_VALUE"""),"Alcremie-Matcha-Cream") -> Alcremie-Matcha-Cream | T9: =IFERROR(__xludf.DUMMYFUNCTION("""COMPUTED_VALUE"""),"Gholdengo") -> Gholdengo | U9: =IFERROR(__xludf.DUMMYFUNCTION("""COMPUTED_VALUE"""),0.0) -> 0 | V9: =IFERROR(__xludf.DUMMYFUNCTION("""COMPUTED_VALUE"""),0.0) -> 0
A10: 5 | B10: ='Base Data'!CX7 | C10: ='Base Data'!CY7 | D10: ='Base Data'!DW7 | F10: ='Team Info From Paste'!C2 -> Alcremie-Matcha-Cream | G10: ='Team Info From Paste'!C7 -> Salamence | H10: =IFERROR(__xludf.DUMMYFUNCTION("COUNT(QUERY(PlayerLeadTable, ""SELECT * WHERE (Col2 = '""&F10&""' OR Col3 = '""&F10&""') AND (Col2 = '""&G10&""' OR Col3 = '""&G10&""')""))"),2.0) -> 2 | I10: =IFERROR(__xludf.DUMMYFUNCTION("COUNT(QUERY(PlayerLeadTable, ""SELECT * WHERE ((Col2 = '""&F10&""' OR Col3 = '""&F10&""') AND (Col2 = '""&G10&""' OR Col3 = '""&G10&""')) AND Col4 = 'Win'""))"),0.0) -> 0 | J10: =IFERROR(I10/H10, "") -> 0 | L10: =IFERROR(__xludf.DUMMYFUNCTION("""COMPUTED_VALUE"""),"Alcremie-Matcha-Cream") -> Alcremie-Matcha-Cream | M10: =IFERROR(__xludf.DUMMYFUNCTION("""COMPUTED_VALUE"""),"Exeggutor-Alola") -> Exeggutor-Alola | N10: =IFERROR(__xludf.DUMMYFUNCTION("""COMPUTED_VALUE"""),0.0) -> 0 | O10: =IFERROR(__xludf.DUMMYFUNCTION("""COMPUTED_VALUE"""),0.0) -> 0 | S10: =IFERROR(__xludf.DUMMYFUNCTION("""COMPUTED_VALUE"""),"Alcremie-Matcha-Cream") -> Alcremie-Matcha-Cream | T10: =IFERROR(__xludf.DUMMYFUNCTION("""COMPUTED_VALUE"""),"Exeggutor-Alola") -> Exeggutor-Alola | U10: =IFERROR(__xludf.DUMMYFUNCTION("""COMPUTED_VALUE"""),0.0) -> 0 | V10: =IFERROR(__xludf.DUMMYFUNCTION("""COMPUTED_VALUE"""),0.0) -> 0
A11: 6 | B11: ='Base Data'!CX8 | C11: ='Base Data'!CY8 | D11: ='Base Data'!DW8 | F11: ='Team Info From Paste'!C3 -> Weavile | G11: ='Team Info From Paste'!C4 -> Skeledirge | H11: =IFERROR(__xludf.DUMMYFUNCTION("COUNT(QUERY(PlayerLeadTable, ""SELECT * WHERE (Col2 = '""&F11&""' OR Col3 = '""&F11&""') AND (Col2 = '""&G11&""' OR Col3 = '""&G11&""')""))"),0.0) -> 0 | I11: =IFERROR(__xludf.DUMMYFUNCTION("COUNT(QUERY(PlayerLeadTable, ""SELECT * WHERE ((Col2 = '""&F11&""' OR Col3 = '""&F11&""') AND (Col2 = '""&G11&""' OR Col3 = '""&G11&""')) AND Col4 = 'Win'""))"),0.0) -> 0 | J11: =IFERROR(I11/H11, "") | L11: =IFERROR(__xludf.DUMMYFUNCTION("""COMPUTED_VALUE"""),"Weavile") -> Weavile | M11: =IFERROR(__xludf.DUMMYFUNCTION("""COMPUTED_VALUE"""),"Skeledirge") -> Skeledirge | N11: =IFERROR(__xludf.DUMMYFUNCTION("""COMPUTED_VALUE"""),0.0) -> 0 | O11: =IFERROR(__xludf.DUMMYFUNCTION("""COMPUTED_VALUE"""),0.0) -> 0 | S11: =IFERROR(__xludf.DUMMYFUNCTION("""COMPUTED_VALUE"""),"Weavile") -> Weavile | T11: =IFERROR(__xludf.DUMMYFUNCTION("""COMPUTED_VALUE"""),"Skeledirge") -> Skeledirge | U11: =IFERROR(__xludf.DUMMYFUNCTION("""COMPUTED_VALUE"""),0.0) -> 0 | V11: =IFERROR(__xludf.DUMMYFUNCTION("""COMPUTED_VALUE"""),0.0) -> 0
A12: 7 | B12: ='Base Data'!CX9 | C12: ='Base Data'!CY9 | D12: ='Base Data'!DW9 | F12: ='Team Info From Paste'!C3 -> Weavile | G12: ='Team Info From Paste'!C5 -> Gholdengo | H12: =IFERROR(__xludf.DUMMYFUNCTION("COUNT(QUERY(PlayerLeadTable, ""SELECT * WHERE (Col2 = '""&F12&""' OR Col3 = '""&F12&""') AND (Col2 = '""&G12&""' OR Col3 = '""&G12&""')""))"),0.0) -> 0 | I12: =IFERROR(__xludf.DUMMYFUNCTION("COUNT(QUERY(PlayerLeadTable, ""SELECT * WHERE ((Col2 = '""&F12&""' OR Col3 = '""&F12&""') AND (Col2 = '""&G12&""' OR Col3 = '""&G12&""')) AND Col4 = 'Win'""))"),0.0) -> 0 | J12: =IFERROR(I12/H12, "") | L12: =IFERROR(__xludf.DUMMYFUNCTION("""COMPUTED_VALUE"""),"Weavile") -> Weavile | M12: =IFERROR(__xludf.DUMMYFUNCTION("""COMPUTED_VALUE"""),"Gholdengo") -> Gholdengo | N12: =IFERROR(__xludf.DUMMYFUNCTION("""COMPUTED_VALUE"""),0.0) -> 0 | O12: =IFERROR(__xludf.DUMMYFUNCTION("""COMPUTED_VALUE"""),0.0) -> 0 | S12: =IFERROR(__xludf.DUMMYFUNCTION("""COMPUTED_VALUE"""),"Weavile") -> Weavile | T12: =IFERROR(__xludf.DUMMYFUNCTION("""COMPUTED_VALUE"""),"Gholdengo") -> Gholdengo | U12: =IFERROR(__xludf.DUMMYFUNCTION("""COMPUTED_VALUE"""),0.0) -> 0 | V12: =IFERROR(__xludf.DUMMYFUNCTION("""COMPUTED_VALUE"""),0.0) -> 0
A13: 8 | B13: ='Base Data'!CX10 | C13: ='Base Data'!CY10 | D13: ='Base Data'!DW10 | F13: ='Team Info From Paste'!C3 -> Weavile | G13: ='Team Info From Paste'!C6 -> Exeggutor-Alola | H13: =IFERROR(__xludf.DUMMYFUNCTION("COUNT(QUERY(PlayerLeadTable, ""SELECT * WHERE (Col2 = '""&F13&""' OR Col3 = '""&F13&""') AND (Col2 = '""&G13&""' OR Col3 = '""&G13&""')""))"),0.0) -> 0 | I13: =IFERROR(__xludf.DUMMYFUNCTION("COUNT(QUERY(PlayerLeadTable, ""SELECT * WHERE ((Col2 = '""&F13&""' OR Col3 = '""&F13&""') AND (Col2 = '""&G13&""' OR Col3 = '""&G13&""')) AND Col4 = 'Win'""))"),0.0) -> 0 | J13: =IFERROR(I13/H13, "") | L13: =IFERROR(__xludf.DUMMYFUNCTION("""COMPUTED_VALUE"""),"Weavile") -> Weavile | M13: =IFERROR(__xludf.DUMMYFUNCTION("""COMPUTED_VALUE"""),"Exeggutor-Alola") -> Exeggutor-Alola | N13: =IFERROR(__xludf.DUMMYFUNCTION("""COMPUTED_VALUE"""),0.0) -> 0 | O13: =IFERROR(__xludf.DUMMYFUNCTION("""COMPUTED_VALUE"""),0.0) -> 0 | S13: =IFERROR(__xludf.DUMMYFUNCTION("""COMPUTED_VALUE"""),"Weavile") -> Weavile | T13: =IFERROR(__xludf.DUMMYFUNCTION("""COMPUTED_VALUE"""),"Exeggutor-Alola") -> Exeggutor-Alola | U13: =IFERROR(__xludf.DUMMYFUNCTION("""COMPUTED_VALUE"""),0.0) -> 0 | V13: =IFERROR(__xludf.DUMMYFUNCTION("""COMPUTED_VALUE"""),0.0) -> 0
A14: 9 | B14: ='Base Data'!CX11 | C14: ='Base Data'!CY11 | D14: ='Base Data'!DW11 | F14: ='Team Info From Paste'!C3 -> Weavile | G14: ='Team Info From Paste'!C7 -> Salamence | H14: =IFERROR(__xludf.DUMMYFUNCTION("COUNT(QUERY(PlayerLeadTable, ""SELECT * WHERE (Col2 = '""&F14&""' OR Col3 = '""&F14&""') AND (Col2 = '""&G14&""' OR Col3 = '""&G14&""')""))"),0.0) -> 0 | I14: =IFERROR(__xludf.DUMMYFUNCTION("COUNT(QUERY(PlayerLeadTable, ""SELECT * WHERE ((Col2 = '""&F14&""' OR Col3 = '""&F14&""') AND (Col2 = '""&G14&""' OR Col3 = '""&G14&""')) AND Col4 = 'Win'""))"),0.0) -> 0 | J14: =IFERROR(I14/H14, "") | L14: =IFERROR(__xludf.DUMMYFUNCTION("""COMPUTED_VALUE"""),"Weavile") -> Weavile | M14: =IFERROR(__xludf.DUMMYFUNCTION("""COMPUTED_VALUE"""),"Salamence") -> Salamence | N14: =IFERROR(__xludf.DUMMYFUNCTION("""COMPUTED_VALUE"""),0.0) -> 0 | O14: =IFERROR(__xludf.DUMMYFUNCTION("""COMPUTED_VALUE"""),0.0) -> 0 | S14: =IFERROR(__xludf.DUMMYFUNCTION("""COMPUTED_VALUE"""),"Weavile") -> Weavile | T14: =IFERROR(__xludf.DUMMYFUNCTION("""COMPUTED_VALUE"""),"Salamence") -> Salamence | U14: =IFERROR(__xludf.DUMMYFUNCTION("""COMPUTED_VALUE"""),0.0) -> 0 | V14: =IFERROR(__xludf.DUMMYFUNCTION("""COMPUTED_VALUE"""),0.0) -> 0
A15: 10 | B15: ='Base Data'!CX12 | C15: ='Base Data'!CY12 | D15: ='Base Data'!DW12 | F15: ='Team Info From Paste'!C4 -> Skeledirge | G15: ='Team Info From Paste'!C5 -> Gholdengo | H15: =IFERROR(__xludf.DUMMYFUNCTION("COUNT(QUERY(PlayerLeadTable, ""SELECT * WHERE (Col2 = '""&F15&""' OR Col3 = '""&F15&""') AND (Col2 = '""&G15&""' OR Col3 = '""&G15&""')""))"),0.0) -> 0 | I15: =IFERROR(__xludf.DUMMYFUNCTION("COUNT(QUERY(PlayerLeadTable, ""SELECT * WHERE ((Col2 = '""&F15&""' OR Col3 = '""&F15&""') AND (Col2 = '""&G15&""' OR Col3 = '""&G15&""')) AND Col4 = 'Win'""))"),0.0) -> 0 | J15: =IFERROR(I15/H15, "") | L15: =IFERROR(__xludf.DUMMYFUNCTION("""COMPUTED_VALUE"""),"Skeledirge") -> Skeledirge | M15: =IFERROR(__xludf.DUMMYFUNCTION("""COMPUTED_VALUE"""),"Gholdengo") -> Gholdengo | N15: =IFERROR(__xludf.DUMMYFUNCTION("""COMPUTED_VALUE"""),0.0) -> 0 | O15: =IFERROR(__xludf.DUMMYFUNCTION("""COMPUTED_VALUE"""),0.0) -> 0 | S15: =IFERROR(__xludf.DUMMYFUNCTION("""COMPUTED_VALUE"""),"Skeledirge") -> Skeledirge | T15: =IFERROR(__xludf.DUMMYFUNCTION("""COMPUTED_VALUE"""),"Gholdengo") -> Gholdengo | U15: =IFERROR(__xludf.DUMMYFUNCTION("""COMPUTED_VALUE"""),0.0) -> 0 | V15: =IFERROR(__xludf.DUMMYFUNCTION("""COMPUTED_VALUE"""),0.0) -> 0
A16: 11 | B16: ='Base Data'!CX13 | C16: ='Base Data'!CY13 | D16: ='Base Data'!DW13 | F16: ='Team Info From Paste'!C4 -> Skeledirge | G16: ='Team Info From Paste'!C6 -> Exeggutor-Alola | H16: =IFERROR(__xludf.DUMMYFUNCTION("COUNT(QUERY(PlayerLeadTable, ""SELECT * WHERE (Col2 = '""&F16&""' OR Col3 = '""&F16&""') AND (Col2 = '""&G16&""' OR Col3 = '""&G16&""')""))"),0.0) -> 0 | I16: =IFERROR(__xludf.DUMMYFUNCTION("COUNT(QUERY(PlayerLeadTable, ""SELECT * WHERE ((Col2 = '""&F16&""' OR Col3 = '""&F16&""') AND (Col2 = '""&G16&""' OR Col3 = '""&G16&""')) AND Col4 = 'Win'""))"),0.0) -> 0 | J16: =IFERROR(I16/H16, "") | L16: =IFERROR(__xludf.DUMMYFUNCTION("""COMPUTED_VALUE"""),"Skeledirge") -> Skeledirge | M16: =IFERROR(__xludf.DUMMYFUNCTION("""COMPUTED_VALUE"""),"Exeggutor-Alola") -> Exeggutor-Alola | N16: =IFERROR(__xludf.DUMMYFUNCTION("""COMPUTED_VALUE"""),0.0) -> 0 | O16: =IFERROR(__xludf.DUMMYFUNCTION("""COMPUTED_VALUE"""),0.0) -> 0 | S16: =IFERROR(__xludf.DUMMYFUNCTION("""COMPUTED_VALUE"""),"Skeledirge") -> Skeledirge | T16: =IFERROR(__xludf.DUMMYFUNCTION("""COMPUTED_VALUE"""),"Exeggutor-Alola") -> Exeggutor-Alola | U16: =IFERROR(__xludf.DUMMYFUNCTION("""COMPUTED_VALUE"""),0.0) -> 0 | V16: =IFERROR(__xludf.DUMMYFUNCTION("""COMPUTED_VALUE"""),0.0) -> 0
A17: 12 | B17: ='Base Data'!CX14 | C17: ='Base Data'!CY14 | D17: ='Base Data'!DW14 | F17: ='Team Info From Paste'!C4 -> Skeledirge | G17: ='Team Info From Paste'!C7 -> Salamence | H17: =IFERROR(__xludf.DUMMYFUNCTION("COUNT(QUERY(PlayerLeadTable, ""SELECT * WHERE (Col2 = '""&F17&""' OR Col3 = '""&F17&""') AND (Col2 = '""&G17&""' OR Col3 = '""&G17&""')""))"),0.0) -> 0 | I17: =IFERROR(__xludf.DUMMYFUNCTION("COUNT(QUERY(PlayerLeadTable, ""SELECT * WHERE ((Col2 = '""&F17&""' OR Col3 = '""&F17&""') AND (Col2 = '""&G17&""' OR Col3 = '""&G17&""')) AND Col4 = 'Win'""))"),0.0) -> 0 | J17: =IFERROR(I17/H17, "") | L17: =IFERROR(__xludf.DUMMYFUNCTION("""COMPUTED_VALUE"""),"Skeledirge") -> Skeledirge | M17: =IFERROR(__xludf.DUMMYFUNCTION("""COMPUTED_VALUE"""),"Salamence") -> Salamence | N17: =IFERROR(__xludf.DUMMYFUNCTION("""COMPUTED_VALUE"""),0.0) -> 0 | O17: =IFERROR(__xludf.DUMMYFUNCTION("""COMPUTED_VALUE"""),0.0) -> 0 | S17: =IFERROR(__xludf.DUMMYFUNCTION("""COMPUTED_VALUE"""),"Skeledirge") -> Skeledirge | T17: =IFERROR(__xludf.DUMMYFUNCTION("""COMPUTED_VALUE"""),"Salamence") -> Salamence | U17: =IFERROR(__xludf.DUMMYFUNCTION("""COMPUTED_VALUE"""),0.0) -> 0 | V17: =IFERROR(__xludf.DUMMYFUNCTION("""COMPUTED_VALUE"""),0.0) -> 0
A18: 13 | B18: ='Base Data'!CX15 | C18: ='Base Data'!CY15 | D18: ='Base Data'!DW15 | F18: ='Team Info From Paste'!C5 -> Gholdengo | G18: ='Team Info From Paste'!C6 -> Exeggutor-Alola | H18: =IFERROR(__xludf.DUMMYFUNCTION("COUNT(QUERY(PlayerLeadTable, ""SELECT * WHERE (Col2 = '""&F18&""' OR Col3 = '""&F18&""') AND (Col2 = '""&G18&""' OR Col3 = '""&G18&""')""))"),0.0) -> 0 | I18: =IFERROR(__xludf.DUMMYFUNCTION("COUNT(QUERY(PlayerLeadTable, ""SELECT * WHERE ((Col2 = '""&F18&""' OR Col3 = '""&F18&""') AND (Col2 = '""&G18&""' OR Col3 = '""&G18&""')) AND Col4 = 'Win'""))"),0.0) -> 0 | J18: =IFERROR(I18/H18, "") | L18: =IFERROR(__xludf.DUMMYFUNCTION("""COMPUTED_VALUE"""),"Gholdengo") -> Gholdengo | M18: =IFERROR(__xludf.DUMMYFUNCTION("""COMPUTED_VALUE"""),"Exeggutor-Alola") -> Exeggutor-Alola | N18: =IFERROR(__xludf.DUMMYFUNCTION("""COMPUTED_VALUE"""),0.0) -> 0 | O18: =IFERROR(__xludf.DUMMYFUNCTION("""COMPUTED_VALUE"""),0.0) -> 0 | S18: =IFERROR(__xludf.DUMMYFUNCTION("""COMPUTED_VALUE"""),"Gholdengo") -> Gholdengo | T18: =IFERROR(__xludf.DUMMYFUNCTION("""COMPUTED_VALUE"""),"Exeggutor-Alola") -> Exeggutor-Alola | U18: =IFERROR(__xludf.DUMMYFUNCTION("""COMPUTED_VALUE"""),0.0) -> 0 | V18: =IFERROR(__xludf.DUMMYFUNCTION("""COMPUTED_VALUE"""),0.0) -> 0
A19: 14 | B19: ='Base Data'!CX16 | C19: ='Base Data'!CY16 | D19: ='Base Data'!DW16 | F19: ='Team Info From Paste'!C5 -> Gholdengo | G19: ='Team Info From Paste'!C7 -> Salamence | H19: =IFERROR(__xludf.DUMMYFUNCTION("COUNT(QUERY(PlayerLeadTable, ""SELECT * WHERE (Col2 = '""&F19&""' OR Col3 = '""&F19&""') AND (Col2 = '""&G19&""' OR Col3 = '""&G19&""')""))"),0.0) -> 0 | I19: =IFERROR(__xludf.DUMMYFUNCTION("COUNT(QUERY(PlayerLeadTable, ""SELECT * WHERE ((Col2 = '""&F19&""' OR Col3 = '""&F19&""') AND (Col2 = '""&G19&""' OR Col3 = '""&G19&""')) AND Col4 = 'Win'""))"),0.0) -> 0 | J19: =IFERROR(I19/H19, "") | L19: =IFERROR(__xludf.DUMMYFUNCTION("""COMPUTED_VALUE"""),"Gholdengo") -> Gholdengo | M19: =IFERROR(__xludf.DUMMYFUNCTION("""COMPUTED_VALUE"""),"Salamence") -> Salamence | N19: =IFERROR(__xludf.DUMMYFUNCTION("""COMPUTED_VALUE"""),0.0) -> 0 | O19: =IFERROR(__xludf.DUMMYFUNCTION("""COMPUTED_VALUE"""),0.0) -> 0 | S19: =IFERROR(__xludf.DUMMYFUNCTION("""COMPUTED_VALUE"""),"Gholdengo") -> Gholdengo | T19: =IFERROR(__xludf.DUMMYFUNCTION("""COMPUTED_VALUE"""),"Salamence") -> Salamence | U19: =IFERROR(__xludf.DUMMYFUNCTION("""COMPUTED_VALUE"""),0.0) -> 0 | V19: =IFERROR(__xludf.DUMMYFUNCTION("""COMPUTED_VALUE"""),0.0) -> 0
A20: 15 | B20: ='Base Data'!CX17 | C20: ='Base Data'!CY17 | D20: ='Base Data'!DW17 | F20: ='Team Info From Paste'!C6 -> Exeggutor-Alola | G20: ='Team Info From Paste'!C7 -> Salamence | H20: =IFERROR(__xludf.DUMMYFUNCTION("COUNT(QUERY(PlayerLeadTable, ""SELECT * WHERE (Col2 = '""&F20&""' OR Col3 = '""&F20&""') AND (Col2 = '""&G20&""' OR Col3 = '""&G20&""')""))"),0.0) -> 0 | I20: =IFERROR(__xludf.DUMMYFUNCTION("COUNT(QUERY(PlayerLeadTable, ""SELECT * WHERE ((Col2 = '""&F20&""' OR Col3 = '""&F20&""') AND (Col2 = '""&G20&""' OR Col3 = '""&G20&""')) AND Col4 = 'Win'""))"),0.0) -> 0 | J20: =IFERROR(I20/H20, "") | L20: =IFERROR(__xludf.DUMMYFUNCTION("""COMPUTED_VALUE"""),"Exeggutor-Alola") -> Exeggutor-Alola | M20: =IFERROR(__xludf.DUMMYFUNCTION("""COMPUTED_VALUE"""),"Salamence") -> Salamence | N20: =IFERROR(__xludf.DUMMYFUNCTION("""COMPUTED_VALUE"""),0.0) -> 0 | O20: =IFERROR(__xludf.DUMMYFUNCTION("""COMPUTED_VALUE"""),0.0) -> 0 | S20: =IFERROR(__xludf.DUMMYFUNCTION("""COMPUTED_VALUE"""),"Exeggutor-Alola") -> Exeggutor-Alola | T20: =IFERROR(__xludf.DUMMYFUNCTION("""COMPUTED_VALUE"""),"Salamence") -> Salamence | U20: =IFERROR(__xludf.DUMMYFUNCTION("""COMPUTED_VALUE"""),0.0) -> 0 | V20: =IFERROR(__xludf.DUMMYFUNCTION("""COMPUTED_VALUE"""),0.0) -> 0
A21: 16 | B21: ='Base Data'!CX18 | C21: ='Base Data'!CY18 | D21: ='Base Data'!DW18
A22: 17 | B22: ='Base Data'!CX19 | C22: ='Base Data'!CY19 | D22: ='Base Data'!DW19
A23: 18 | B23: ='Base Data'!CX20 | C23: ='Base Data'!CY20 | D23: ='Base Data'!DW20
A24: 19 | B24: ='Base Data'!CX21 | C24: ='Base Data'!CY21 | D24: ='Base Data'!DW21
A25: 20 | B25: ='Base Data'!CX22 | C25: ='Base Data'!CY22 | D25: ='Base Data'!DW22
A26: 21 | B26: ='Base Data'!CX23 | C26: ='Base Data'!CY23 | D26: ='Base Data'!DW23
A27: 22 | B27: ='Base Data'!CX24 | C27: ='Base Data'!CY24 | D27: ='Base Data'!DW24
A28: 23 | B28: ='Base Data'!CX25 | C28: ='Base Data'!CY25 | D28: ='Base Data'!DW25
A29: 24 | B29: ='Base Data'!CX26 | C29: ='Base Data'!CY26 | D29: ='Base Data'!DW26
A30: 25 | B30: ='Base Data'!CX27 | C30: ='Base Data'!CY27 | D30: ='Base Data'!DW27
A31: 26 | B31: ='Base Data'!CX28 | C31: ='Base Data'!CY28 | D31: ='Base Data'!DW28
A32: 27 | B32: ='Base Data'!CX29 | C32: ='Base Data'!CY29 | D32: ='Base Data'!DW29
... A105: 100 | B105: ='Base Data'!CX102 | C105: ='Base Data'!CY102 | D105: ='Base Data'!DW102

Sheet Forms
A1: Full | B1: Simple | C1: Moves
A2: Maushold-Four | B2: Maushold | C2: Maushold
A3: Maushold-Three | B3: Maushold | C3: Maushold
A4: Indeedee-F | B4: Indeedee Female | C4: Indeedee
A5: Indeedee | B5: Indeedee Male | C5: Indeedee
A6: Rotom-Mow | B6: Mow Rotom | C6: Rotom
A7: Rotom-Heat | B7: Heat Rotom | C7: Rotom
A8: Rotom-Wash | B8: Wash Rotom | C8: Rotom
A9: Rotom-Frost | B9: Frost Rotom | C9: Rotom
A10: Rotom-Fan | B10: Fan Rotom | C10: Rotom
A11: Lycanroc | B11: Lycanroc Midday Form | C11: Lycanroc
A12: Lycanroc-Midnight | B12: Lycanroc Midnight Form | C12: Lycanroc
... A141: Alcremie-Rainbow-Swirl | B141: Alcremie | C141: Alcremie

Sheet Icons
A1: # | B1: Pokemon | C1: Icon | D1: Type Icons
A2: 001 | B2: Bulbasaur | C2: =IMAGE("https://serebii.net/pokedex-sv/icon/"&A2&".png") -> #REF! | D2: Bug | E2: =IMAGE("https://archives.bulbagarden.net/media/upload/2/26/Bug_icon_LA.png") -> #REF!
A3: 002 | B3: Ivysaur | C3: =IMAGE("https://serebii.net/pokedex-sv/icon/"&A3&".png") -> #REF! | D3: Dark | E3: =IMAGE("https://upload.wikimedia.org/wikipedia/commons/thumb/0/09/Pok%C3%A9mon_Dark_Type_Icon.svg/768px-Pok%C3%A9mon_Dark_Type_Icon.svg.png") -> #REF!
A4: 003 | B4: Venusaur | C4: =IMAGE("https://serebii.net/pokedex-sv/icon/"&A4&".png") -> #REF! | D4: Dragon | E4: =IMAGE("https://archives.bulbagarden.net/media/upload/2/28/Dragon_icon_LA.png") -> #REF!
A5: 003-m | B5: Mega Venusaur | C5: =IMAGE("https://serebii.net/pokedex-sv/icon/"&A5&".png") -> #REF! | D5: Electric | E5: =IMAGE("https://upload.wikimedia.org/wikipedia/commons/thumb/a/a9/Pok%C3%A9mon_Electric_Type_Icon.svg/768px-Pok%C3%A9mon_Electric_Type_Icon.svg.png") -> #REF!
A6: 004 | B6: Charmander | C6: =IMAGE("https://serebii.net/pokedex-sv/icon/"&A6&".png") -> #REF! | D6: Fairy | E6: =IMAGE("https://upload.wikimedia.org/wikipedia/commons/thumb/0/08/Pok%C3%A9mon_Fairy_Type_Icon.svg/768px-Pok%C3%A9mon_Fairy_Type_Icon.svg.png") -> #REF!
A7: 005 | B7: Charmeleon | C7: =IMAGE("https://serebii.net/pokedex-sv/icon/"&A7&".png") -> #REF! | D7: Fighting | E7: =IMAGE("https://upload.wikimedia.org/wikipedia/commons/thumb/b/be/Pok%C3%A9mon_Fighting_Type_Icon.svg/768px-Pok%C3%A9mon_Fighting_Type_Icon.svg.png") -> #REF!
A8: 006 | B8: Charizard | C8: =IMAGE("https://serebii.net/pokedex-sv/icon/"&A8&".png") -> #REF! | D8: Fire | E8: =IMAGE("https://archives.bulbagarden.net/media/upload/4/48/Fire_icon_LA.png") -> #REF!
A9: 006-mx | B9: Mega Charizard X | C9: =IMAGE("https://serebii.net/pokedex-sv/icon/"&A9&".png") -> #REF! | D9: Flying | E9: =IMAGE("https://archives.bulbagarden.net/media/upload/d/de/Flying_icon_LA.png") -> #REF!
A10: 006-my | B10: Mega Charizard Y | C10: =IMAGE("https://serebii.net/pokedex-sv/icon/"&A10&".png") -> #REF! | D10: Ghost | E10: =IMAGE("https://archives.bulbagarden.net/media/upload/b/b5/Ghost_icon_LA.png") -> #REF!
A11: 007 | B11: Squirtle | C11: =IMAGE("https://serebii.net/pokedex-sv/icon/"&A11&".png") -> #REF! | D11: Grass | E11: =IMAGE("https://archives.bulbagarden.net/media/upload/1/1b/Grass_icon_LA.png") -> #REF!
A12: 008 | B12: Wartortle | C12: =IMAGE("https://serebii.net/pokedex-sv/icon/"&A12&".png") -> #REF! | D12: Ground | E12: =IMAGE("https://upload.wikimedia.org/wikipedia/commons/thumb/8/8d/Pok%C3%A9mon_Ground_Type_Icon.svg/768px-Pok%C3%A9mon_Ground_Type_Icon.svg.png") -> #REF!
A13: 009 | B13: Blastoise | C13: =IMAGE("https://serebii.net/pokedex-sv/icon/"&A13&".png") -> #REF! | D13: Ice | E13: =IMAGE("https://upload.wikimedia.org/wikipedia/commons/thumb/8/88/Pok%C3%A9mon_Ice_Type_Icon.svg/768px-Pok%C3%A9mon_Ice_Type_Icon.svg.png") -> #REF!
A14: 009-m | B14: Mega Blastoise | C14: =IMAGE("https://serebii.net/pokedex-sv/icon/"&A14&".png") -> #REF! | D14: Normal | E14: =IMAGE("https://upload.wikimedia.org/wikipedia/commons/thumb/a/aa/Pok%C3%A9mon_Normal_Type_Icon.svg/768px-Pok%C3%A9mon_Normal_Type_Icon.svg.png") -> #REF!
A15: 010 | B15: Caterpie | C15: =IMAGE("https://serebii.net/pokedex-sv/icon/"&A15&".png") -> #REF! | D15: Poison | E15: =IMAGE("https://upload.wikimedia.org/wikipedia/commons/thumb/c/c4/Pok%C3%A9mon_Poison_Type_Icon.svg/768px-Pok%C3%A9mon_Poison_Type_Icon.svg.png") -> #REF!
A16: 011 | B16: Metapod | C16: =IMAGE("https://serebii.net/pokedex-sv/icon/"&A16&".png") -> #REF! | D16: Psychic | E16: =IMAGE("https://upload.wikimedia.org/wikipedia/commons/thumb/a/ab/Pok%C3%A9mon_Psychic_Type_Icon.svg/768px-Pok%C3%A9mon_Psychic_Type_Icon.svg.png") -> #REF!
A17: 012 | B17: Butterfree | C17: =IMAGE("https://serebii.net/pokedex-sv/icon/"&A17&".png") -> #REF! | D17: Rock | E17: =IMAGE("https://upload.wikimedia.org/wikipedia/commons/thumb/b/bb/Pok%C3%A9mon_Rock_Type_Icon.svg/768px-Pok%C3%A9mon_Rock_Type_Icon.svg.png") -> #REF!
A18: 013 | B18: Weedle | C18: =IMAGE("https://serebii.net/pokedex-sv/icon/"&A18&".png") -> #REF! | D18: Steel | E18: =IMAGE("https://upload.wikimedia.org/wikipedia/commons/thumb/3/38/Pok%C3%A9mon_Steel_Type_Icon.svg/768px-Pok%C3%A9mon_Steel_Type_Icon.svg.png") -> #REF!
A19: 014 | B19: Kakuna | C19: =IMAGE("https://serebii.net/pokedex-sv/icon/"&A19&".png") -> #REF! | D19: Water | E19: =IMAGE("https://upload.wikimedia.org/wikipedia/commons/thumb/0/0b/Pok%C3%A9mon_Water_Type_Icon.svg/768px-Pok%C3%A9mon_Water_Type_Icon.svg.png") -> #REF!
A20: 015 | B20: Beedrill | C20: =IMAGE("https://serebii.net/pokedex-sv/icon/"&A20&".png") -> #REF! | D20: Stellar | E20: =IMAGE("https://images.wikidexcdn.net/mwuploads/wikidex/6/6a/latest/20231216092512/Teratipo_astral_icono_EP.png") -> #REF!
A21: 015-m | B21: Mega Beedrill | C21: =IMAGE("https://serebii.net/pokedex-sv/icon/"&A21&".png") -> #REF!
A22: 016 | B22: Pidgey | C22: =IMAGE("https://serebii.net/pokedex-sv/icon/"&A22&".png") -> #REF!
A23: 017 | B23: Pidgeotto | C23: =IMAGE("https://serebii.net/pokedex-sv/icon/"&A23&".png") -> #REF!
A24: 018 | B24: Pidgeot | C24: =IMAGE("https://serebii.net/pokedex-sv/icon/"&A24&".png") -> #REF!
A25: 018-m | B25: Mega Pidgeot | C25: =IMAGE("https://serebii.net/pokedex-sv/icon/"&A25&".png") -> #REF!
A26: 019 | B26: Rattata | C26: =IMAGE("https://serebii.net/pokedex-sv/icon/"&A26&".png") -> #REF!
A27: 019-a | B27: Alolan Rattata | C27: =IMAGE("https://serebii.net/pokedex-sv/icon/"&A27&".png") -> #REF!
A28: 020 | B28: Raticate | C28: =IMAGE("https://serebii.net/pokedex-sv/icon/"&A28&".png") -> #REF!
A29: 020-a | B29: Alolan Raticate | C29: =IMAGE("https://serebii.net/pokedex-sv/icon/"&A29&".png") -> #REF!
A30: 021 | B30: Spearow | C30: =IMAGE("https://serebii.net/pokedex-sv/icon/"&A30&".png") -> #REF!
A31: 022 | B31: Fearow | C31: =IMAGE("https://serebii.net/pokedex-sv/icon/"&A31&".png") -> #REF!
A32: 023 | B32: Ekans | C32: =IMAGE("https://serebii.net/pokedex-sv/icon/"&A32&".png") -> #REF!
... A189: 142-m | B189: Mega Aerodactyl | C189: =IMAGE("https://serebii.net/pokedex-sv/icon/"&A189&".png") -> #REF!
A190: 143 | B190: Snorlax | C190: =IMAGE("https://serebii.net/pokedex-sv/icon/"&A190&".png") -> #REF!
A191: 144 | B191: Articuno | C191: =IMAGE("https://serebii.net/pokedex-sv/icon/"&A191&".png") -> #REF!
A192: 144-g | B192: Galarian Articuno | C192: =IMAGE("https://serebii.net/pokedex-sv/icon/"&A192&".png") -> #REF!
A193: 145 | B193: Zapdos | C193: =IMAGE("https://serebii.net/pokedex-sv/icon/"&A193&".png") -> #REF!
A194: 145-g | B194: Galarian Zapdos | C194: =IMAGE("https://serebii.net/pokedex-sv/icon/"&A194&".png") -> #REF!
A195: 146 | B195: Moltres | C195: =IMAGE("https://serebii.net/pokedex-sv/icon/"&A195&".png") -> #REF!
A196: 146-g | B196: Galarian Moltres | C196: =IMAGE("https://serebii.net/pokedex-sv/icon/"&A196&".png") -> #REF!
A197: 147 | B197: Dratini | C197: =IMAGE("https://serebii.net/pokedex-sv/icon/"&A197&".png") -> #REF!
A198: 148 | B198: Dragonair | C198: =IMAGE("https://serebii.net/pokedex-sv/icon/"&A198&".png") -> #REF!
A199: 149 | B199: Dragonite | C199: =IMAGE("https://serebii.net/pokedex-sv/icon/"&A199&".png") -> #REF!
A200: 150 | B200: Mewtwo | C200: =IMAGE("https://serebii.net/pokedex-sv/icon/"&A200&".png") -> #REF!
A201: 150-mx | B201: Mega Mewtwo X | C201: =IMAGE("https://serebii.net/pokedex-sv/icon/"&A201&".png") -> #REF!
A202: 150-my | B202: Mega Mewtwo Y | C202: =IMAGE("https://serebii.net/pokedex-sv/icon/"&A202&".png") -> #REF!
A203: 151 | B203: Mew | C203: =IMAGE("https://serebii.net/pokedex-sv/icon/"&A203&".png") -> #REF!
A204: 152 | B204: Chikorita | C204: =IMAGE("https://serebii.net/pokedex-sv/icon/"&A204&".png") -> #REF!
A205: 153 | B205: Bayleef | C205: =IMAGE("https://serebii.net/pokedex-sv/icon/"&A205&".png") -> #REF!
A206: 154 | B206: Meganium | C206: =IMAGE("https://serebii.net/pokedex-sv/icon/"&A206&".png") -> #REF!
A207: 155 | B207: Cyndaquil | C207: =IMAGE("https://serebii.net/pokedex-sv/icon/"&A207&".png") -> #REF!
... A885: 740 | B885: Crabominable | C885: =IMAGE("https://serebii.net/pokedex-sv/icon/"&A885&".png") -> #REF!
A886: 741 | B886: Oricorio Baile Style | C886: =IMAGE("https://serebii.net/pokedex-sv/icon/"&A886&".png") -> #REF!
A887: 741-p | B887: Oricorio Pom-Pom Style | C887: =IMAGE("https://serebii.net/pokedex-sv/icon/"&A887&".png") -> #REF!
A888: 741-pau | B888: Oricorio Pa'u Style | C888: =IMAGE("https://serebii.net/pokedex-sv/icon/"&A888&".png") -> #REF!
A889: 741-s | B889: Oricorio Sensu Style | C889: =IMAGE("https://serebii.net/pokedex-sv/icon/"&A889&".png") -> #REF!
A890: 742 | B890: Cutiefly | C890: =IMAGE("https://serebii.net/pokedex-sv/icon/"&A890&".png") -> #REF!
A891: 743 | B891: Ribombee | C891: =IMAGE("https://serebii.net/pokedex-sv/icon/"&A891&".png") -> #REF!
A892: 744 | B892: Rockruff | C892: =IMAGE("https://serebii.net/pokedex-sv/icon/"&A892&".png") -> #REF!
A893: 744 | B893: Own Tempo Rockruff | C893: =IMAGE("https://serebii.net/pokedex-sv/icon/"&A893&".png") -> #REF!
A894: 745 | B894: Lycanroc Midday Form | C894: =IMAGE("https://serebii.net/pokedex-sv/icon/"&A894&".png") -> #REF!
A895: 745-d | B895: Lycanroc Dusk Form | C895: =IMAGE("https://serebii.net/pokedex-sv/icon/"&A895&".png") -> #REF!
A896: 745-m | B896: Lycanroc Midnight Form | C896: =IMAGE("https://serebii.net/pokedex-sv/icon/"&A896&".png") -> #REF!
A897: 746 | B897: Wishiwashi Solo Form | C897: =IMAGE("https://serebii.net/pokedex-sv/icon/"&A897&".png") -> #REF!
A898: 746-s | B898: Wishiwashi School Form | C898: =IMAGE("https://serebii.net/pokedex-sv/icon/"&A898&".png") -> #REF!
A899: 747 | B899: Mareanie | C899: =IMAGE("https://serebii.net/pokedex-sv/icon/"&A899&".png") -> #REF!
A900: 748 | B900: Toxapex | C900: =IMAGE("https://serebii.net/pokedex-sv/icon/"&A900&".png") -> #REF!
A901: 749 | B901: Mudbray | C901: =IMAGE("https://serebii.net/pokedex-sv/icon/"&A901&".png") -> #REF!
A902: 750 | B902: Mudsdale | C902: =IMAGE("https://serebii.net/pokedex-sv/icon/"&A902&".png") -> #REF!
A903: 751 | B903: Dewpider | C903: =IMAGE("https://serebii.net/pokedex-sv/icon/"&A903&".png") -> #REF!
A904: 752 | B904: Araquanid | C904: =IMAGE("https://serebii.net/pokedex-sv/icon/"&A904&".png") -> #REF!
A905: 753 | B905: Fomantis | C905: =IMAGE("https://serebii.net/pokedex-sv/icon/"&A905&".png") -> #REF!
... A998: 842 | B998: Appletun | C998: =IMAGE("https://serebii.net/pokedex-sv/icon/"&A998&".png") -> #REF!
A999: 843 | B999: Silicobra | C999: =IMAGE("https://serebii.net/pokedex-sv/icon/"&A999&".png") -> #REF!
A1000: 844 | B1000: Sandaconda | C1000: =IMAGE("https://serebii.net/pokedex-sv/icon/"&A1000&".png") -> #REF!
A1001: 845 | B1001: Cramorant | C1001: =IMAGE("https://serebii.net/pokedex-sv/icon/"&A1001&".png") -> #REF!
A1002: 846 | B1002: Arrokuda | C1002: =IMAGE("https://serebii.net/pokedex-sv/icon/"&A1002&".png") -> #REF!
A1003: 847 | B1003: Barraskewda | C1003: =IMAGE("https://serebii.net/pokedex-sv/icon/"&A1003&".png") -> #REF!
A1004: 848 | B1004: Toxel | C1004: =IMAGE("https://serebii.net/pokedex-sv/icon/"&A1004&".png") -> #REF!
A1005: 849 | B1005: Toxtricity Amped Form | C1005: =IMAGE("https://serebii.net/pokedex-sv/icon/"&A1005&".png") -> #REF!
A1006: 849-l | B1006: Toxtricity Low Key Form | C1006: =IMAGE("https://serebii.net/pokedex-sv/icon/"&A1006&".png") -> #REF!
A1007: 850 | B1007: Sizzlipede | C1007: =IMAGE("https://serebii.net/pokedex-sv/icon/"&A1007&".png") -> #REF!
A1008: 851 | B1008: Centiskorch | C1008: =IMAGE("https://serebii.net/pokedex-sv/icon/"&A1008&".png") -> #REF!
A1009: 852 | B1009: Clobbopus | C1009: =IMAGE("https://serebii.net/pokedex-sv/icon/"&A1009&".png") -> #REF!
A1010: 853 | B1010: Grapploct | C1010: =IMAGE("https://serebii.net/pokedex-sv/icon/"&A1010&".png") -> #REF!
A1011: 854 | B1011: Sinistea | C1011: =IMAGE("https://serebii.net/pokedex-sv/icon/"&A1011&".png") -> #REF!
... A1019: 862 | B1019: Obstagoon | C1019: =IMAGE("https://serebii.net/pokedex-sv/icon/"&A1019&".png") -> #REF!
A1020: 863 | B1020: Perrserker | C1020: =IMAGE("https://serebii.net/pokedex-sv/icon/"&A1020&".png") -> #REF!
A1021: 864 | B1021: Cursola | C1021: =IMAGE("https://serebii.net/pokedex-sv/icon/"&A1021&".png") -> #REF!
A1022: 865 | B1022: Sirfetch'd | C1022: =IMAGE("https://serebii.net/pokedex-sv/icon/"&A1022&".png") -> #REF!
A1023: 866 | B1023: Mr. Rime | C1023: =IMAGE("https://serebii.net/pokedex-sv/icon/"&A1023&".png") -> #REF!
A1024: 867 | B1024: Runerigus | C1024: =IMAGE("https://serebii.net/pokedex-sv/icon/"&A1024&".png") -> #REF!
A1025: 868 | B1025: Milcery | C1025: =IMAGE("https://serebii.net/pokedex-sv/icon/"&A1025&".png") -> #REF!
A1026: 869 | B1026: Alcremie | C1026: =IMAGE("https://serebii.net/pokedex-sv/icon/"&A1026&".png") -> #REF!
A1027: 870 | B1027: Falinks | C1027: =IMAGE("https://serebii.net/pokedex-sv/icon/"&A1027&".png") -> #REF!
A1028: 871 | B1028: Pincurchin | C1028: =IMAGE("https://serebii.net/pokedex-sv/icon/"&A1028&".png") -> #REF!
A1029: 872 | B1029: Snom | C1029: =IMAGE("https://serebii.net/pokedex-sv/icon/"&A1029&".png") -> #REF!
A1030: 873 | B1030: Frosmoth | C1030: =IMAGE("https://serebii.net/pokedex-sv/icon/"&A1030&".png") -> #REF!
A1031: 874 | B1031: Stonjourner | C1031: =IMAGE("https://serebii.net/pokedex-sv/icon/"&A1031&".png") -> #REF!
A1032: 875 | B1032: Eiscue Ice Face | C1032: =IMAGE("https://serebii.net/pokedex-sv/icon/"&A1032&".png") -> #REF!
...

Sheet Matchup Stats
C4: Best Matchups | M4: Worst Matchups
C5: =VLOOKUP(IFERROR(VLOOKUP(OpponentData!H2, FormFixes, 2, false), OpponentData!H2), PokemonIcons, 2, False) -> #REF! | D5: =IF(OpponentData!I2 = "", "", "beat") -> beat | E5: =IF(OpponentData!I2 = 0, "", OpponentData!J2) -> 0 | F5: =IF(OpponentData!I2 = 0, "", "of") -> of | G5: =IF(OpponentData!I2 = 0, "", OpponentData!I2) -> 2 | H5: games | I5: =IF(OpponentData!K2 = "", "", ("("&LEFT(OpponentData!K2, 3)&"%)")) -> (0%) | M5: =VLOOKUP(IFERROR(VLOOKUP(OpponentData!M2, FormFixes, 2, false), OpponentData!M2), PokemonIcons, 2, False) -> #REF! | N5: =IF(OpponentData!N2 = 0, "", "beat") -> beat | O5: =IF(OpponentData!N2 = 0, "", OpponentData!O2) -> 0 | P5: =IF(OpponentData!N2 = 0, "", "of") -> of | Q5: =IF(OpponentData!N2 = 0, "", OpponentData!N2) -> 2 | R5: games | S5: =IF(OpponentData!P2 = "N/A", "", ("("&LEFT(OpponentData!P2, 3)&"%)")) -> (0%)
C6: =VLOOKUP(IFERROR(VLOOKUP(OpponentData!H3, FormFixes, 2, false), OpponentData!H3), PokemonIcons, 2, False) -> #REF! | D6: =IF(OpponentData!I3 = "", "", "beat") -> beat | E6: =IF(OpponentData!I3 = 0, "", OpponentData!J3) -> 0 | F6: =IF(OpponentData!I3 = 0, "", "of") -> of | G6: =IF(OpponentData!I3 = 0, "", OpponentData!I3) -> 2 | H6: games | I6: =IF(OpponentData!K3 = "", "", ("("&LEFT(OpponentData!K3, 3)&"%)")) -> (0%) | M6: =VLOOKUP(IFERROR(VLOOKUP(OpponentData!M3, FormFixes, 2, false), OpponentData!M3), PokemonIcons, 2, False) -> #REF! | N6: =IF(OpponentData!N3 = 0, "", "beat") -> beat | O6: =IF(OpponentData!N3 = 0, "", OpponentData!O3) -> 0 | P6: =IF(OpponentData!N3 = 0, "", "of") -> of | Q6: =IF(OpponentData!N3 = 0, "", OpponentData!N3) -> 2 | R6: games | S6: =IF(OpponentData!P3 = "N/A", "", ("("&LEFT(OpponentData!P3, 3)&"%)")) -> (0%)
C7: =VLOOKUP(IFERROR(VLOOKUP(OpponentData!H4, FormFixes, 2, false), OpponentData!H4), PokemonIcons, 2, False) -> #REF! | D7: =IF(OpponentData!I4 = "", "", "beat") -> beat | E7: =IF(OpponentData!I4 = 0, "", OpponentData!J4) -> 0 | F7: =IF(OpponentData!I4 = 0, "", "of") -> of | G7: =IF(OpponentData!I4 = 0, "", OpponentData!I4) -> 1 | H7: games | I7: =IF(OpponentData!K4 = "", "", ("("&LEFT(OpponentData!K4, 3)&"%)")) -> (0%) | M7: =VLOOKUP(IFERROR(VLOOKUP(OpponentData!M4, FormFixes, 2, false), OpponentData!M4), PokemonIcons, 2, False) -> #REF! | N7: =IF(OpponentData!N4 = 0, "", "beat") -> beat | O7: =IF(OpponentData!N4 = 0, "", OpponentData!O4) -> 0 | P7: =IF(OpponentData!N4 = 0, "", "of") -> of | Q7: =IF(OpponentData!N4 = 0, "", OpponentData!N4) -> 1 | R7: games | S7: =IF(OpponentData!P4 = "N/A", "", ("("&LEFT(OpponentData!P4, 3)&"%)")) -> (0%)
C8: =VLOOKUP(IFERROR(VLOOKUP(OpponentData!H5, FormFixes, 2, false), OpponentData!H5), PokemonIcons, 2, False) -> #REF! | D8: =IF(OpponentData!I5 = "", "", "beat") -> beat | E8: =IF(OpponentData!I5 = 0, "", OpponentData!J5) -> 0 | F8: =IF(OpponentData!I5 = 0, "", "of") -> of | G8: =IF(OpponentData!I5 = 0, "", OpponentData!I5) -> 1 | H8: games | I8: =IF(OpponentData!K5 = "", "", ("("&LEFT(OpponentData!K5, 3)&"%)")) -> (0%) | M8: =VLOOKUP(IFERROR(VLOOKUP(OpponentData!M5, FormFixes, 2, false), OpponentData!M5), PokemonIcons, 2, False) -> #REF! | N8: =IF(OpponentData!N5 = 0, "", "beat") -> beat | O8: =IF(OpponentData!N5 = 0, "", OpponentData!O5) -> 0 | P8: =IF(OpponentData!N5 = 0, "", "of") -> of | Q8: =IF(OpponentData!N5 = 0, "", OpponentData!N5) -> 1 | R8: games | S8: =IF(OpponentData!P5 = "N/A", "", ("("&LEFT(OpponentData!P5, 3)&"%)")) -> (0%)
C9: =VLOOKUP(IFERROR(VLOOKUP(OpponentData!H6, FormFixes, 2, false), OpponentData!H6), PokemonIcons, 2, False) -> #REF! | D9: =IF(OpponentData!I6 = "", "", "beat") -> beat | E9: =IF(OpponentData!I6 = 0, "", OpponentData!J6) -> 0 | F9: =IF(OpponentData!I6 = 0, "", "of") -> of | G9: =IF(OpponentData!I6 = 0, "", OpponentData!I6) -> 1 | H9: games | I9: =IF(OpponentData!K6 = "", "", ("("&LEFT(OpponentData!K6, 3)&"%)")) -> (0%) | M9: =VLOOKUP(IFERROR(VLOOKUP(OpponentData!M6, FormFixes, 2, false), OpponentData!M6), PokemonIcons, 2, False) -> #REF! | N9: =IF(OpponentData!N6 = 0, "", "beat") -> beat | O9: =IF(OpponentData!N6 = 0, "", OpponentData!O6) -> 0 | P9: =IF(OpponentData!N6 = 0, "", "of") -> of | Q9: =IF(OpponentData!N6 = 0, "", OpponentData!N6) -> 1 | R9: games | S9: =IF(OpponentData!P6 = "N/A", "", ("("&LEFT(OpponentData!P6, 3)&"%)")) -> (0%)
C13: Choose up to 3 Pokemon to view individual Matchup Data | E13: Matchup Selection
E16: Farigiraf | M16: =VLOOKUP(IFERROR(VLOOKUP(E16, FormFixes, 2, false), E16), PokemonIcons, 2, False) -> #REF! | N16: =IF(ISERROR(VLOOKUP(E16, OpponentData!C1:F202, 1, FALSE)), "not", "beat") -> beat | O16: =IFERROR(VLOOKUP(E16, OpponentData!C2:F202, 3, FALSE), "") -> 0 | P16: =IF(ISERROR(VLOOKUP(E16, OpponentData!C1:F202, 1, FALSE)), "", "of") -> of | Q16: =IFERROR(VLOOKUP(E16, OpponentData!C2:F202, 2, FALSE), "") -> 1 | R16: =IF(ISERROR(VLOOKUP(E16, OpponentData!C1:F202, 1, FALSE)), "played", "games") -> games | S16: =IFERROR(IF(E16 = "", "", ("("&LEFT(VLOOKUP(E16, OpponentData!C2:F202, 4, FALSE), 3)&"%)")), "") -> (0%)
E17: Heatran | M17: =VLOOKUP(IFERROR(VLOOKUP(E17, FormFixes, 2, false), E17), PokemonIcons, 2, False) -> #REF! | N17: =IF(ISERROR(VLOOKUP(E17, OpponentData!C1:F202, 1, FALSE)), "not", "beat") -> not | O17: =IFERROR(VLOOKUP(E17, OpponentData!C2:F202, 3, FALSE), "") | P17: =IF(ISERROR(VLOOKUP(E17, OpponentData!C1:F202, 1, FALSE)), "", "of") | Q17: =IFERROR(VLOOKUP(E17, OpponentData!C2:F202, 2, FALSE), "") | R17: =IF(ISERROR(VLOOKUP(E17, OpponentData!C1:F202, 1, FALSE)), "played", "games") -> played | S17: =IFERROR(IF(E17 = "", "", ("("&LEFT(VLOOKUP(E17, OpponentData!C2:F202, 4, FALSE), 3)&"%)")), "")
E18: Feraligatr | M18: =VLOOKUP(IFERROR(VLOOKUP(E18, FormFixes, 2, false), E18), PokemonIcons, 2, False) -> #REF! | N18: =IF(ISERROR(VLOOKUP(E18, OpponentData!C1:F202, 1, FALSE)), "not", "beat") -> not | O18: =IFERROR(VLOOKUP(E18, OpponentData!C2:F202, 3, FALSE), "") | P18: =IF(ISERROR(VLOOKUP(E18, OpponentData!C1:F202, 1, FALSE)), "", "of") | Q18: =IFERROR(VLOOKUP(E18, OpponentData!C2:F202, 2, FALSE), "") | R18: =IF(ISERROR(VLOOKUP(E18, OpponentData!C1:F202, 1, FALSE)), "played", "games") -> played | S18: =IFERROR(IF(E18 = "", "", ("("&LEFT(VLOOKUP(E18, OpponentData!C2:F202, 4, FALSE), 3)&"%)")), "")
R19: =IF(E19="", "", "games")

Sheet Move Usage
B2: ='Team Info From Paste'!C2 -> Alcremie-Matcha-Cream | F2: ='Team Info From Paste'!C3 -> Weavile | J2: ='Team Info From Paste'!C4 -> Skeledirge
B13: ='Team Info From Paste'!C5 -> Gholdengo | F13: ='Team Info From Paste'!C6 -> Exeggutor-Alola | J13: ='Team Info From Paste'!C7 -> Salamence

Sheet FAQ  Contact
C2: PALKIA Academy Showdown Reporting Spreadsheet
C3: A Project By Bauerdad
C5: =IMAGE("https://cdn-icons-png.flaticon.com/512/124/124021.png") -> #REF! | D5: BauerdadVGC | F5: Feel free to reach out to me via Twitter/Discord if you have any questions or comments about this project!
C6: =IMAGE("https://cdn-icons-png.flaticon.com/512/3670/3670157.png") -> #REF! | D6: Bauerdad
C7: =IMAGE("https://cdn-icons-png.flaticon.com/512/3670/3670157.png") -> #REF! | D7: PALKIA Academy | F7: New: Support me on Ko-Fi
C8: =IMAGE("https://uploads-ssl.webflow.com/5c14e387dab576fe667689cf/64f1a9ddd0246590df69e9ef_ko-fi_logo_02-p-500.png") -> #REF! | D8: PASRS | H8: Ver 4.3, (MAR 1, '24)
C10: Version History & Update Links: | F10: https://pastebin.com/raw/TNSWxDAw
C11: Tips and Tricks
C12: * Be sure to use a consistent team and a paste to match (even nicknames) for every game! * When you're ready to make changes to your team, Make a new copy of this spreadsheet and start using the new paste there!
C17: Current Limitations
C18: * Pokepastes with fewer than 6 Pokemon are not supported * PASRS is only tested for VGC Doubles on Pokemon Showdown. Other formats are not supported. * Hisuian-Zoroark needs some extra fixes to work better * Urshifu won't work on "Pokemon Used" filter, but DOES on the lead/back filter * Ditto is not supported (I am not prepared for the headache at this time) * Paldean-Wooper and Flabebe are not supported (they break the paste-reading function)

Sheet OpponentData
A1: Opp Mons Unsorted | C1: -any- | D1: # Games Faced | E1: # Games Beaten | F1: Winrate | H1: =IFERROR(__xludf.DUMMYFUNCTION("QUERY(MatchupDataTableWithHeaders,""SELECT C, D, E, F ORDER BY F DESC, D DESC LIMIT 5"",1)"),"-any-") -> -any- | I1: =IFERROR(__xludf.DUMMYFUNCTION("""COMPUTED_VALUE"""),"# Games Faced") -> # Games Faced | J1: =IFERROR(__xludf.DUMMYFUNCTION("""COMPUTED_VALUE"""),"# Games Beaten") -> # Games Beaten | K1: =IFERROR(__xludf.DUMMYFUNCTION("""COMPUTED_VALUE"""),"Winrate") -> Winrate | M1: =IFERROR(__xludf.DUMMYFUNCTION("QUERY(MatchupDataTableWithHeaders,""SELECT C, D, E, F WHERE D is not null ORDER BY F ASC, D DESC LIMIT 5"",1)"),"-any-") -> -any- | N1: =IFERROR(__xludf.DUMMYFUNCTION("""COMPUTED_VALUE"""),"# Games Faced") -> # Games Faced | O1: =IFERROR(__xludf.DUMMYFUNCTION("""COMPUTED_VALUE"""),"# Games Beaten") -> # Games Beaten | P1: =IFERROR(__xludf.DUMMYFUNCTION("""COMPUTED_VALUE"""),"Winrate") -> Winrate
A2: =IFERROR(__xludf.DUMMYFUNCTION("UNIQUE(FLATTEN(OppMonsUsed))"),"Hitmonlee") -> Hitmonlee | C2: {=SORT(A2:A402)} -> Amoonguss | D2: =IF(C2<>"", CountIF(OppMonsUsed, C2), "") -> 1 | E2: =IFERROR(__xludf.DUMMYFUNCTION("IF(C2<>"""",COUNTIF(FILTER(OppMonsUsed, GameResults=""win""), C2), """")"),0.0) -> 0 | F2: =IFERROR(100*E2/D2, "") -> 0 | H2: =IFERROR(__xludf.DUMMYFUNCTION("""COMPUTED_VALUE"""),"Incineroar") -> Incineroar | I2: =IFERROR(__xludf.DUMMYFUNCTION("""COMPUTED_VALUE"""),2.0) -> 2 | J2: =IFERROR(__xludf.DUMMYFUNCTION("""COMPUTED_VALUE"""),0.0) -> 0 | K2: =IFERROR(__xludf.DUMMYFUNCTION("""COMPUTED_VALUE"""),0.0) -> 0 | M2: =IFERROR(__xludf.DUMMYFUNCTION("""COMPUTED_VALUE"""),"Incineroar") -> Incineroar | N2: =IFERROR(__xludf.DUMMYFUNCTION("""COMPUTED_VALUE"""),2.0) -> 2 | O2: =IFERROR(__xludf.DUMMYFUNCTION("""COMPUTED_VALUE"""),0.0) -> 0 | P2: =IFERROR(__xludf.DUMMYFUNCTION("""COMPUTED_VALUE"""),0.0) -> 0
A3: =IFERROR(__xludf.DUMMYFUNCTION("""COMPUTED_VALUE"""),"Gyarados") -> Gyarados | C3: Annihilape | D3: =IF(C3<>"", CountIF(OppMonsUsed, C3), "") -> 1 | E3: =IFERROR(__xludf.DUMMYFUNCTION("IF(C3<>"""",COUNTIF(FILTER(OppMonsUsed, GameResults=""win""), C3), """")"),0.0) -> 0 | F3: =IFERROR(100*E3/D3, "") -> 0 | H3: =IFERROR(__xludf.DUMMYFUNCTION("""COMPUTED_VALUE"""),"Urshifu-Rapid-Strike") -> Urshifu-Rapid-Strike | I3: =IFERROR(__xludf.DUMMYFUNCTION("""COMPUTED_VALUE"""),2.0) -> 2 | J3: =IFERROR(__xludf.DUMMYFUNCTION("""COMPUTED_VALUE"""),0.0) -> 0 | K3: =IFERROR(__xludf.DUMMYFUNCTION("""COMPUTED_VALUE"""),0.0) -> 0 | M3: =IFERROR(__xludf.DUMMYFUNCTION("""COMPUTED_VALUE"""),"Urshifu-Rapid-Strike") -> Urshifu-Rapid-Strike | N3: =IFERROR(__xludf.DUMMYFUNCTION("""COMPUTED_VALUE"""),2.0) -> 2 | O3: =IFERROR(__xludf.DUMMYFUNCTION("""COMPUTED_VALUE"""),0.0) -> 0 | P3: =IFERROR(__xludf.DUMMYFUNCTION("""COMPUTED_VALUE"""),0.0) -> 0
A4: =IFERROR(__xludf.DUMMYFUNCTION("""COMPUTED_VALUE"""),"Clefable") -> Clefable | C4: Archaludon | D4: =IF(C4<>"", CountIF(OppMonsUsed, C4), "") -> 1 | E4: =IFERROR(__xludf.DUMMYFUNCTION("IF(C4<>"""",COUNTIF(FILTER(OppMonsUsed, GameResults=""win""), C4), """")"),0.0) -> 0 | F4: =IFERROR(100*E4/D4, "") -> 0 | H4: =IFERROR(__xludf.DUMMYFUNCTION("""COMPUTED_VALUE"""),"Amoonguss") -> Amoonguss | I4: =IFERROR(__xludf.DUMMYFUNCTION("""COMPUTED_VALUE"""),1.0) -> 1 | J4: =IFERROR(__xludf.DUMMYFUNCTION("""COMPUTED_VALUE"""),0.0) -> 0 | K4: =IFERROR(__xludf.DUMMYFUNCTION("""COMPUTED_VALUE"""),0.0) -> 0 | M4: =IFERROR(__xludf.DUMMYFUNCTION("""COMPUTED_VALUE"""),"Amoonguss") -> Amoonguss | N4: =IFERROR(__xludf.DUMMYFUNCTION("""COMPUTED_VALUE"""),1.0) -> 1 | O4: =IFERROR(__xludf.DUMMYFUNCTION("""COMPUTED_VALUE"""),0.0) -> 0 | P4: =IFERROR(__xludf.DUMMYFUNCTION("""COMPUTED_VALUE"""),0.0) -> 0
A5: =IFERROR(__xludf.DUMMYFUNCTION("""COMPUTED_VALUE"""),"Dragonite") -> Dragonite | C5: Clefable | D5: =IF(C5<>"", CountIF(OppMonsUsed, C5), "") -> 1 | E5: =IFERROR(__xludf.DUMMYFUNCTION("IF(C5<>"""",COUNTIF(FILTER(OppMonsUsed, GameResults=""win""), C5), """")"),0.0) -> 0 | F5: =IFERROR(100*E5/D5, "") -> 0 | H5: =IFERROR(__xludf.DUMMYFUNCTION("""COMPUTED_VALUE"""),"Annihilape") -> Annihilape | I5: =IFERROR(__xludf.DUMMYFUNCTION("""COMPUTED_VALUE"""),1.0) -> 1 | J5: =IFERROR(__xludf.DUMMYFUNCTION("""COMPUTED_VALUE"""),0.0) -> 0 | K5: =IFERROR(__xludf.DUMMYFUNCTION("""COMPUTED_VALUE"""),0.0) -> 0 | M5: =IFERROR(__xludf.DUMMYFUNCTION("""COMPUTED_VALUE"""),"Annihilape") -> Annihilape | N5: =IFERROR(__xludf.DUMMYFUNCTION("""COMPUTED_VALUE"""),1.0) -> 1 | O5: =IFERROR(__xludf.DUMMYFUNCTION("""COMPUTED_VALUE"""),0.0) -> 0 | P5: =IFERROR(__xludf.DUMMYFUNCTION("""COMPUTED_VALUE"""),0.0) -> 0
A6: =IFERROR(__xludf.DUMMYFUNCTION("""COMPUTED_VALUE"""),"Annihilape") -> Annihilape | C6: Dragonite | D6: =IF(C6<>"", CountIF(OppMonsUsed, C6), "") -> 1 | E6: =IFERROR(__xludf.DUMMYFUNCTION("IF(C6<>"""",COUNTIF(FILTER(OppMonsUsed, GameResults=""win""), C6), """")"),0.0) -> 0 | F6: =IFERROR(100*E6/D6, "") -> 0 | H6: =IFERROR(__xludf.DUMMYFUNCTION("""COMPUTED_VALUE"""),"Archaludon") -> Archaludon | I6: =IFERROR(__xludf.DUMMYFUNCTION("""COMPUTED_VALUE"""),1.0) -> 1 | J6: =IFERROR(__xludf.DUMMYFUNCTION("""COMPUTED_VALUE"""),0.0) -> 0 | K6: =IFERROR(__xludf.DUMMYFUNCTION("""COMPUTED_VALUE"""),0.0) -> 0 | M6: =IFERROR(__xludf.DUMMYFUNCTION("""COMPUTED_VALUE"""),"Archaludon") -> Archaludon | N6: =IFERROR(__xludf.DUMMYFUNCTION("""COMPUTED_VALUE"""),1.0) -> 1 | O6: =IFERROR(__xludf.DUMMYFUNCTION("""COMPUTED_VALUE"""),0.0) -> 0 | P6: =IFERROR(__xludf.DUMMYFUNCTION("""COMPUTED_VALUE"""),0.0) -> 0
A7: =IFERROR(__xludf.DUMMYFUNCTION("""COMPUTED_VALUE"""),"Umbreon") -> Umbreon | C7: Farigiraf | D7: =IF(C7<>"", CountIF(OppMonsUsed, C7), "") -> 1 | E7: =IFERROR(__xludf.DUMMYFUNCTION("IF(C7<>"""",COUNTIF(FILTER(OppMonsUsed, GameResults=""win""), C7), """")"),0.0) -> 0 | F7: =IFERROR(100*E7/D7, "") -> 0
A8: =IFERROR(__xludf.DUMMYFUNCTION("""COMPUTED_VALUE"""),"Archaludon") -> Archaludon | C8: Gyarados | D8: =IF(C8<>"", CountIF(OppMonsUsed, C8), "") -> 1 | E8: =IFERROR(__xludf.DUMMYFUNCTION("IF(C8<>"""",COUNTIF(FILTER(OppMonsUsed, GameResults=""win""), C8), """")"),0.0) -> 0 | F8: =IFERROR(100*E8/D8, "") -> 0
A9: =IFERROR(__xludf.DUMMYFUNCTION("""COMPUTED_VALUE"""),"Ogerpon-Wellspring") -> Ogerpon-Wellspring | C9: Hitmonlee | D9: =IF(C9<>"", CountIF(OppMonsUsed, C9), "") -> 1 | E9: =IFERROR(__xludf.DUMMYFUNCTION("IF(C9<>"""",COUNTIF(FILTER(OppMonsUsed, GameResults=""win""), C9), """")"),0.0) -> 0 | F9: =IFERROR(100*E9/D9, "") -> 0
A10: =IFERROR(__xludf.DUMMYFUNCTION("""COMPUTED_VALUE"""),"Raging Bolt") -> Raging Bolt | C10: Incineroar | D10: =IF(C10<>"", CountIF(OppMonsUsed, C10), "") -> 2 | E10: =IFERROR(__xludf.DUMMYFUNCTION("IF(C10<>"""",COUNTIF(FILTER(OppMonsUsed, GameResults=""win""), C10), """")"),0.0) -> 0 | F10: =IFERROR(100*E10/D10, "") -> 0
A11: =IFERROR(__xludf.DUMMYFUNCTION("""COMPUTED_VALUE"""),"Urshifu-Rapid-Strike") -> Urshifu-Rapid-Strike | C11: Ogerpon-Wellspring | D11: =IF(C11<>"", CountIF(OppMonsUsed, C11), "") -> 1 | E11: =IFERROR(__xludf.DUMMYFUNCTION("IF(C11<>"""",COUNTIF(FILTER(OppMonsUsed, GameResults=""win""), C11), """")"),0.0) -> 0 | F11: =IFERROR(100*E11/D11, "") -> 0
A12: =IFERROR(__xludf.DUMMYFUNCTION("""COMPUTED_VALUE"""),"Incineroar") -> Incineroar | C12: Raging Bolt | D12: =IF(C12<>"", CountIF(OppMonsUsed, C12), "") -> 1 | E12: =IFERROR(__xludf.DUMMYFUNCTION("IF(C12<>"""",COUNTIF(FILTER(OppMonsUsed, GameResults=""win""), C12), """")"),0.0) -> 0 | F12: =IFERROR(100*E12/D12, "") -> 0
A13: =IFERROR(__xludf.DUMMYFUNCTION("""COMPUTED_VALUE"""),"Amoonguss") -> Amoonguss | C13: Umbreon | D13: =IF(C13<>"", CountIF(OppMonsUsed, C13), "") -> 1 | E13: =IFERROR(__xludf.DUMMYFUNCTION("IF(C13<>"""",COUNTIF(FILTER(OppMonsUsed, GameResults=""win""), C13), """")"),0.0) -> 0 | F13: =IFERROR(100*E13/D13, "") -> 0
A14: =IFERROR(__xludf.DUMMYFUNCTION("""COMPUTED_VALUE"""),"Farigiraf") -> Farigiraf | C14: Ursaluna-Bloodmoon | D14: =IF(C14<>"", CountIF(OppMonsUsed, C14), "") -> 1 | E14: =IFERROR(__xludf.DUMMYFUNCTION("IF(C14<>"""",COUNTIF(FILTER(OppMonsUsed, GameResults=""win""), C14), """")"),0.0) -> 0 | F14: =IFERROR(100*E14/D14, "") -> 0
A15: =IFERROR(__xludf.DUMMYFUNCTION("""COMPUTED_VALUE"""),"Ursaluna-Bloodmoon") -> Ursaluna-Bloodmoon | C15: Urshifu-Rapid-Strike | D15: =IF(C15<>"", CountIF(OppMonsUsed, C15), "") -> 2 | E15: =IFERROR(__xludf.DUMMYFUNCTION("IF(C15<>"""",COUNTIF(FILTER(OppMonsUsed, GameResults=""win""), C15), """")"),0.0) -> 0 | F15: =IFERROR(100*E15/D15, "") -> 0
D16: =IF(C16<>"", CountIF(OppMonsUsed, C16), "") | E16: =IFERROR(__xludf.DUMMYFUNCTION("IF(C16<>"""",COUNTIF(FILTER(OppMonsUsed, GameResults=""win""), C16), """")"),"") | F16: =IFERROR(100*E16/D16, "")
D17: =IF(C17<>"", CountIF(OppMonsUsed, C17), "") | E17: =IFERROR(__xludf.DUMMYFUNCTION("IF(C17<>"""",COUNTIF(FILTER(OppMonsUsed, GameResults=""win""), C17), """")"),"") | F17: =IFERROR(100*E17/D17, "")
D18: =IF(C18<>"", CountIF(OppMonsUsed, C18), "") | E18: =IFERROR(__xludf.DUMMYFUNCTION("IF(C18<>"""",COUNTIF(FILTER(OppMonsUsed, GameResults=""win""), C18), """")"),"") | F18: =IFERROR(100*E18/D18, "")
D19: =IF(C19<>"", CountIF(OppMonsUsed, C19), "") | E19: =IFERROR(__xludf.DUMMYFUNCTION("IF(C19<>"""",COUNTIF(FILTER(OppMonsUsed, GameResults=""win""), C19), """")"),"") | F19: =IFERROR(100*E19/D19, "")
D20: =IF(C20<>"", CountIF(OppMonsUsed, C20), "") | E20: =IFERROR(__xludf.DUMMYFUNCTION("IF(C20<>"""",COUNTIF(FILTER(OppMonsUsed, GameResults=""win""), C20), """")"),"") | F20: =IFERROR(100*E20/D20, "")
D21: =IF(C21<>"", CountIF(OppMonsUsed, C21), "") | E21: =IFERROR(__xludf.DUMMYFUNCTION("IF(C21<>"""",COUNTIF(FILTER(OppMonsUsed, GameResults=""win""), C21), """")"),"") | F21: =IFERROR(100*E21/D21, "")
D22: =IF(C22<>"", CountIF(OppMonsUsed, C22), "") | E22: =IFERROR(__xludf.DUMMYFUNCTION("IF(C22<>"""",COUNTIF(FILTER(OppMonsUsed, GameResults=""win""), C22), """")"),"") | F22: =IFERROR(100*E22/D22, "")
D23: =IF(C23<>"", CountIF(OppMonsUsed, C23), "") | E23: =IFERROR(__xludf.DUMMYFUNCTION("IF(C23<>"""",COUNTIF(FILTER(OppMonsUsed, GameResults=""win""), C23), """")"),"") | F23: =IFERROR(100*E23/D23, "")
D24: =IF(C24<>"", CountIF(OppMonsUsed, C24), "") | E24: =IFERROR(__xludf.DUMMYFUNCTION("IF(C24<>"""",COUNTIF(FILTER(OppMonsUsed, GameResults=""win""), C24), """")"),"") | F24: =IFERROR(100*E24/D24, "")
D25: =IF(C25<>"", CountIF(OppMonsUsed, C25), "") | E25: =IFERROR(__xludf.DUMMYFUNCTION("IF(C25<>"""",COUNTIF(FILTER(OppMonsUsed, GameResults=""win""), C25), """")"),"") | F25: =IFERROR(100*E25/D25, "")
D26: =IF(C26<>"", CountIF(OppMonsUsed, C26), "") | E26: =IFERROR(__xludf.DUMMYFUNCTION("IF(C26<>"""",COUNTIF(FILTER(OppMonsUsed, GameResults=""win""), C26), """")"),"") | F26: =IFERROR(100*E26/D26, "")
D27: =IF(C27<>"", CountIF(OppMonsUsed, C27), "") | E27: =IFERROR(__xludf.DUMMYFUNCTION("IF(C27<>"""",COUNTIF(FILTER(OppMonsUsed, GameResults=""win""), C27), """")"),"") | F27: =IFERROR(100*E27/D27, "")
D28: =IF(C28<>"", CountIF(OppMonsUsed, C28), "") | E28: =IFERROR(__xludf.DUMMYFUNCTION("IF(C28<>"""",COUNTIF(FILTER(OppMonsUsed, GameResults=""win""), C28), """")"),"") | F28: =IFERROR(100*E28/D28, "")
D29: =IF(C29<>"", CountIF(OppMonsUsed, C29), "") | E29: =IFERROR(__xludf.DUMMYFUNCTION("IF(C29<>"""",COUNTIF(FILTER(OppMonsUsed, GameResults=""win""), C29), """")"),"") | F29: =IFERROR(100*E29/D29, "")
D30: =IF(C30<>"", CountIF(OppMonsUsed, C30), "") | E30: =IFERROR(__xludf.DUMMYFUNCTION("IF(C30<>"""",COUNTIF(FILTER(OppMonsUsed, GameResults=""win""), C30), """")"),"") | F30: =IFERROR(100*E30/D30, "")
D31: =IF(C31<>"", CountIF(OppMonsUsed, C31), "") | E31: =IFERROR(__xludf.DUMMYFUNCTION("IF(C31<>"""",COUNTIF(FILTER(OppMonsUsed, GameResults=""win""), C31), """")"),"") | F31: =IFERROR(100*E31/D31, "")
D32: =IF(C32<>"", CountIF(OppMonsUsed, C32), "") | E32: =IFERROR(__xludf.DUMMYFUNCTION("IF(C32<>"""",COUNTIF(FILTER(OppMonsUsed, GameResults=""win""), C32), """")"),"") | F32: =IFERROR(100*E32/D32, "")
D33: =IF(C33<>"", CountIF(OppMonsUsed, C33), "") | E33: =IFERROR(__xludf.DUMMYFUNCTION("IF(C33<>"""",COUNTIF(FILTER(OppMonsUsed, GameResults=""win""), C33), """")"),"") | F33: =IFERROR(100*E33/D33, "")
D34: =IF(C34<>"", CountIF(OppMonsUsed, C34), "") | E34: =IFERROR(__xludf.DUMMYFUNCTION("IF(C34<>"""",COUNTIF(FILTER(OppMonsUsed, GameResults=""win""), C34), """")"),"") | F34: =IFERROR(100*E34/D34, "")
D35: =IF(C35<>"", CountIF(OppMonsUsed, C35), "") | E35: =IFERROR(__xludf.DUMMYFUNCTION("IF(C35<>"""",COUNTIF(FILTER(OppMonsUsed, GameResults=""win""), C35), """")"),"") | F35: =IFERROR(100*E35/D35, "")
D36: =IF(C36<>"", CountIF(OppMonsUsed, C36), "") | E36: =IFERROR(__xludf.DUMMYFUNCTION("IF(C36<>"""",COUNTIF(FILTER(OppMonsUsed, GameResults=""win""), C36), """")"),"") | F36: =IFERROR(100*E36/D36, "")
D37: =IF(C37<>"", CountIF(OppMonsUsed, C37), "") | E37: =IFERROR(__xludf.DUMMYFUNCTION("IF(C37<>"""",COUNTIF(FILTER(OppMonsUsed, GameResults=""win""), C37), """")"),"") | F37: =IFERROR(100*E37/D37, "")
D38: =IF(C38<>"", CountIF(OppMonsUsed, C38), "") | E38: =IFERROR(__xludf.DUMMYFUNCTION("IF(C38<>"""",COUNTIF(FILTER(OppMonsUsed, GameResults=""win""), C38), """")"),"") | F38: =IFERROR(100*E38/D38, "")
D39: =IF(C39<>"", CountIF(OppMonsUsed, C39), "") | E39: =IFERROR(__xludf.DUMMYFUNCTION("IF(C39<>"""",COUNTIF(FILTER(OppMonsUsed, GameResults=""win""), C39), """")"),"") | F39: =IFERROR(100*E39/D39, "")
D40: =IF(C40<>"", CountIF(OppMonsUsed, C40), "") | E40: =IFERROR(__xludf.DUMMYFUNCTION("IF(C40<>"""",COUNTIF(FILTER(OppMonsUsed, GameResults=""win""), C40), """")"),"") | F40: =IFERROR(100*E40/D40, "")
D41: =IF(C41<>"", CountIF(OppMonsUsed, C41), "") | E41: =IFERROR(__xludf.DUMMYFUNCTION("IF(C41<>"""",COUNTIF(FILTER(OppMonsUsed, GameResults=""win""), C41), """")"),"") | F41: =IFERROR(100*E41/D41, "")
D42: =IF(C42<>"", CountIF(OppMonsUsed, C42), "") | E42: =IFERROR(__xludf.DUMMYFUNCTION("IF(C42<>"""",COUNTIF(FILTER(OppMonsUsed, GameResults=""win""), C42), """")"),"") | F42: =IFERROR(100*E42/D42, "")
D43: =IF(C43<>"", CountIF(OppMonsUsed, C43), "") | E43: =IFERROR(__xludf.DUMMYFUNCTION("IF(C43<>"""",COUNTIF(FILTER(OppMonsUsed, GameResults=""win""), C43), """")"),"") | F43: =IFERROR(100*E43/D43, "")
D44: =IF(C44<>"", CountIF(OppMonsUsed, C44), "") | E44: =IFERROR(__xludf.DUMMYFUNCTION("IF(C44<>"""",COUNTIF(FILTER(OppMonsUsed, GameResults=""win""), C44), """")"),"") | F44: =IFERROR(100*E44/D44, "")
D45: =IF(C45<>"", CountIF(OppMonsUsed, C45), "") | E45: =IFERROR(__xludf.DUMMYFUNCTION("IF(C45<>"""",COUNTIF(FILTER(OppMonsUsed, GameResults=""win""), C45), """")"),"") | F45: =IFERROR(100*E45/D45, "")
D46: =IF(C46<>"", CountIF(OppMonsUsed, C46), "") | E46: =IFERROR(__xludf.DUMMYFUNCTION("IF(C46<>"""",COUNTIF(FILTER(OppMonsUsed, GameResults=""win""), C46), """")"),"") | F46: =IFERROR(100*E46/D46, "")
D47: =IF(C47<>"", CountIF(OppMonsUsed, C47), "") | E47: =IFERROR(__xludf.DUMMYFUNCTION("IF(C47<>"""",COUNTIF(FILTER(OppMonsUsed, GameResults=""win""), C47), """")"),"") | F47: =IFERROR(100*E47/D47, "")
D48: =IF(C48<>"", CountIF(OppMonsUsed, C48), "") | E48: =IFERROR(__xludf.DUMMYFUNCTION("IF(C48<>"""",COUNTIF(FILTER(OppMonsUsed, GameResults=""win""), C48), """")"),"") | F48: =IFERROR(100*E48/D48, "")
D49: =IF(C49<>"", CountIF(OppMonsUsed, C49), "") | E49: =IFERROR(__xludf.DUMMYFUNCTION("IF(C49<>"""",COUNTIF(FILTER(OppMonsUsed, GameResults=""win""), C49), """")"),"") | F49: =IFERROR(100*E49/D49, "")
D50: =IF(C50<>"", CountIF(OppMonsUsed, C50), "") | E50: =IFERROR(__xludf.DUMMYFUNCTION("IF(C50<>"""",COUNTIF(FILTER(OppMonsUsed, GameResults=""win""), C50), """")"),"") | F50: =IFERROR(100*E50/D50, "")
D51: =IF(C51<>"", CountIF(OppMonsUsed, C51), "") | E51: =IFERROR(__xludf.DUMMYFUNCTION("IF(C51<>"""",COUNTIF(FILTER(OppMonsUsed, GameResults=""win""), C51), """")"),"") | F51: =IFERROR(100*E51/D51, "")
D52: =IF(C52<>"", CountIF(OppMonsUsed, C52), "") | E52: =IFERROR(__xludf.DUMMYFUNCTION("IF(C52<>"""",COUNTIF(FILTER(OppMonsUsed, GameResults=""win""), C52), """")"),"") | F52: =IFERROR(100*E52/D52, "")
D53: =IF(C53<>"", CountIF(OppMonsUsed, C53), "") | E53: =IFERROR(__xludf.DUMMYFUNCTION("IF(C53<>"""",COUNTIF(FILTER(OppMonsUsed, GameResults=""win""), C53), """")"),"") | F53: =IFERROR(100*E53/D53, "")
D54: =IF(C54<>"", CountIF(OppMonsUsed, C54), "") | E54: =IFERROR(__xludf.DUMMYFUNCTION("IF(C54<>"""",COUNTIF(FILTER(OppMonsUsed, GameResults=""win""), C54), """")"),"") | F54: =IFERROR(100*E54/D54, "")
D55: =IF(C55<>"", CountIF(OppMonsUsed, C55), "") | E55: =IFERROR(__xludf.DUMMYFUNCTION("IF(C55<>"""",COUNTIF(FILTER(OppMonsUsed, GameResults=""win""), C55), """")"),"") | F55: =IFERROR(100*E55/D55, "")
D56: =IF(C56<>"", CountIF(OppMonsUsed, C56), "") | E56: =IFERROR(__xludf.DUMMYFUNCTION("IF(C56<>"""",COUNTIF(FILTER(OppMonsUsed, GameResults=""win""), C56), """")"),"") | F56: =IFERROR(100*E56/D56, "")
D57: =IF(C57<>"", CountIF(OppMonsUsed, C57), "") | E57: =IFERROR(__xludf.DUMMYFUNCTION("IF(C57<>"""",COUNTIF(FILTER(OppMonsUsed, GameResults=""win""), C57), """")"),"") | F57: =IFERROR(100*E57/D57, "")
D58: =IF(C58<>"", CountIF(OppMonsUsed, C58), "") | E58: =IFERROR(__xludf.DUMMYFUNCTION("IF(C58<>"""",COUNTIF(FILTER(OppMonsUsed, GameResults=""win""), C58), """")"),"") | F58: =IFERROR(100*E58/D58, "")
D59: =IF(C59<>"", CountIF(OppMonsUsed, C59), "") | E59: =IFERROR(__xludf.DUMMYFUNCTION("IF(C59<>"""",COUNTIF(FILTER(OppMonsUsed, GameResults=""win""), C59), """")"),"") | F59: =IFERROR(100*E59/D59, "")
D60: =IF(C60<>"", CountIF(OppMonsUsed, C60), "") | E60: =IFERROR(__xludf.DUMMYFUNCTION("IF(C60<>"""",COUNTIF(FILTER(OppMonsUsed, GameResults=""win""), C60), """")"),"") | F60: =IFERROR(100*E60/D60, "")
D61: =IF(C61<>"", CountIF(OppMonsUsed, C61), "") | E61: =IFERROR(__xludf.DUMMYFUNCTION("IF(C61<>"""",COUNTIF(FILTER(OppMonsUsed, GameResults=""win""), C61), """")"),"") | F61: =IFERROR(100*E61/D61, "")
D62: =IF(C62<>"", CountIF(OppMonsUsed, C62), "") | E62: =IFERROR(__xludf.DUMMYFUNCTION("IF(C62<>"""",COUNTIF(FILTER(OppMonsUsed, GameResults=""win""), C62), """")"),"") | F62: =IFERROR(100*E62/D62, "")
D63: =IF(C63<>"", CountIF(OppMonsUsed, C63), "") | E63: =IFERROR(__xludf.DUMMYFUNCTION("IF(C63<>"""",COUNTIF(FILTER(OppMonsUsed, GameResults=""win""), C63), """")"),"") | F63: =IFERROR(100*E63/D63, "")
D64: =IF(C64<>"", CountIF(OppMonsUsed, C64), "") | E64: =IFERROR(__xludf.DUMMYFUNCTION("IF(C64<>"""",COUNTIF(FILTER(OppMonsUsed, GameResults=""win""), C64), """")"),"") | F64: =IFERROR(100*E64/D64, "")
D65: =IF(C65<>"", CountIF(OppMonsUsed, C65), "") | E65: =IFERROR(__xludf.DUMMYFUNCTION("IF(C65<>"""",COUNTIF(FILTER(OppMonsUsed, GameResults=""win""), C65), """")"),"") | F65: =IFERROR(100*E65/D65, "")
D66: =IF(C66<>"", CountIF(OppMonsUsed, C66), "") | E66: =IFERROR(__xludf.DUMMYFUNCTION("IF(C66<>"""",COUNTIF(FILTER(OppMonsUsed, GameResults=""win""), C66), """")"),"") | F66: =IFERROR(100*E66/D66, "")
D67: =IF(C67<>"", CountIF(OppMonsUsed, C67), "") | E67: =IFERROR(__xludf.DUMMYFUNCTION("IF(C67<>"""",COUNTIF(FILTER(OppMonsUsed, GameResults=""win""), C67), """")"),"") | F67: =IFERROR(100*E67/D67, "")
D68: =IF(C68<>"", CountIF(OppMonsUsed, C68), "") | E68: =IFERROR(__xludf.DUMMYFUNCTION("IF(C68<>"""",COUNTIF(FILTER(OppMonsUsed, GameResults=""win""), C68), """")"),"") | F68: =IFERROR(100*E68/D68, "")
D69: =IF(C69<>"", CountIF(OppMonsUsed, C69), "") | E69: =IFERROR(__xludf.DUMMYFUNCTION("IF(C69<>"""",COUNTIF(FILTER(OppMonsUsed, GameResults=""win""), C69), """")"),"") | F69: =IFERROR(100*E69/D69, "")
D70: =IF(C70<>"", CountIF(OppMonsUsed, C70), "") | E70: =IFERROR(__xludf.DUMMYFUNCTION("IF(C70<>"""",COUNTIF(FILTER(OppMonsUsed, GameResults=""win""), C70), """")"),"") | F70: =IFERROR(100*E70/D70, "")
D71: =IF(C71<>"", CountIF(OppMonsUsed, C71), "") | E71: =IFERROR(__xludf.DUMMYFUNCTION("IF(C71<>"""",COUNTIF(FILTER(OppMonsUsed, GameResults=""win""), C71), """")"),"") | F71: =IFERROR(100*E71/D71, "")
D72: =IF(C72<>"", CountIF(OppMonsUsed, C72), "") | E72: =IFERROR(__xludf.DUMMYFUNCTION("IF(C72<>"""",COUNTIF(FILTER(OppMonsUsed, GameResults=""win""), C72), """")"),"") | F72: =IFERROR(100*E72/D72, "")
D73: =IF(C73<>"", CountIF(OppMonsUsed, C73), "") | E73: =IFERROR(__xludf.DUMMYFUNCTION("IF(C73<>"""",COUNTIF(FILTER(OppMonsUsed, GameResults=""win""), C73), """")"),"") | F73: =IFERROR(100*E73/D73, "")
D74: =IF(C74<>"", CountIF(OppMonsUsed, C74), "") | E74: =IFERROR(__xludf.DUMMYFUNCTION("IF(C74<>"""",COUNTIF(FILTER(OppMonsUsed, GameResults=""win""), C74), """")"),"") | F74: =IFERROR(100*E74/D74, "")
D75: =IF(C75<>"", CountIF(OppMonsUsed, C75), "") | E75: =IFERROR(__xludf.DUMMYFUNCTION("IF(C75<>"""",COUNTIF(FILTER(OppMonsUsed, GameResults=""win""), C75), """")"),"") | F75: =IFERROR(100*E75/D75, "")
D76: =IF(C76<>"", CountIF(OppMonsUsed, C76), "") | E76: =IFERROR(__xludf.DUMMYFUNCTION("IF(C76<>"""",COUNTIF(FILTER(OppMonsUsed, GameResults=""win""), C76), """")"),"") | F76: =IFERROR(100*E76/D76, "")
D77: =IF(C77<>"", CountIF(OppMonsUsed, C77), "") | E77: =IFERROR(__xludf.DUMMYFUNCTION("IF(C77<>"""",COUNTIF(FILTER(OppMonsUsed, GameResults=""win""), C77), """")"),"") | F77: =IFERROR(100*E77/D77, "")
D78: =IF(C78<>"", CountIF(OppMonsUsed, C78), "") | E78: =IFERROR(__xludf.DUMMYFUNCTION("IF(C78<>"""",COUNTIF(FILTER(OppMonsUsed, GameResults=""win""), C78), """")"),"") | F78: =IFERROR(100*E78/D78, "")
D79: =IF(C79<>"", CountIF(OppMonsUsed, C79), "") | E79: =IFERROR(__xludf.DUMMYFUNCTION("IF(C79<>"""",COUNTIF(FILTER(OppMonsUsed, GameResults=""win""), C79), """")"),"") | F79: =IFERROR(100*E79/D79, "")
D80: =IF(C80<>"", CountIF(OppMonsUsed, C80), "") | E80: =IFERROR(__xludf.DUMMYFUNCTION("IF(C80<>"""",COUNTIF(FILTER(OppMonsUsed, GameResults=""win""), C80), """")"),"") | F80: =IFERROR(100*E80/D80, "")
D81: =IF(C81<>"", CountIF(OppMonsUsed, C81), "") | E81: =IFERROR(__xludf.DUMMYFUNCTION("IF(C81<>"""",COUNTIF(FILTER(OppMonsUsed, GameResults=""win""), C81), """")"),"") | F81: =IFERROR(100*E81/D81, "")
D82: =IF(C82<>"", CountIF(OppMonsUsed, C82), "") | E82: =IFERROR(__xludf.DUMMYFUNCTION("IF(C82<>"""",COUNTIF(FILTER(OppMonsUsed, GameResults=""win""), C82), """")"),"") | F82: =IFERROR(100*E82/D82, "")
D83: =IF(C83<>"", CountIF(OppMonsUsed, C83), "") | E83: =IFERROR(__xludf.DUMMYFUNCTION("IF(C83<>"""",COUNTIF(FILTER(OppMonsUsed, GameResults=""win""), C83), """")"),"") | F83: =IFERROR(100*E83/D83, "")
D84: =IF(C84<>"", CountIF(OppMonsUsed, C84), "") | E84: =IFERROR(__xludf.DUMMYFUNCTION("IF(C84<>"""",COUNTIF(FILTER(OppMonsUsed, GameResults=""win""), C84), """")"),"") | F84: =IFERROR(100*E84/D84, "")
D85: =IF(C85<>"", CountIF(OppMonsUsed, C85), "") | E85: =IFERROR(__xludf.DUMMYFUNCTION("IF(C85<>"""",COUNTIF(FILTER(OppMonsUsed, GameResults=""win""), C85), """")"),"") | F85: =IFERROR(100*E85/D85, "")
D86: =IF(C86<>"", CountIF(OppMonsUsed, C86), "") | E86: =IFERROR(__xludf.DUMMYFUNCTION("IF(C86<>"""",COUNTIF(FILTER(OppMonsUsed, GameResults=""win""), C86), """")"),"") | F86: =IFERROR(100*E86/D86, "")
D87: =IF(C87<>"", CountIF(OppMonsUsed, C87), "") | E87: =IFERROR(__xludf.DUMMYFUNCTION("IF(C87<>"""",COUNTIF(FILTER(OppMonsUsed, GameResults=""win""), C87), """")"),"") | F87: =IFERROR(100*E87/D87, "")
D88: =IF(C88<>"", CountIF(OppMonsUsed, C88), "") | E88: =IFERROR(__xludf.DUMMYFUNCTION("IF(C88<>"""",COUNTIF(FILTER(OppMonsUsed, GameResults=""win""), C88), """")"),"") | F88: =IFERROR(100*E88/D88, "")
D89: =IF(C89<>"", CountIF(OppMonsUsed, C89), "") | E89: =IFERROR(__xludf.DUMMYFUNCTION("IF(C89<>"""",COUNTIF(FILTER(OppMonsUsed, GameResults=""win""), C89), """")"),"") | F89: =IFERROR(100*E89/D89, "")
D90: =IF(C90<>"", CountIF(OppMonsUsed, C90), "") | E90: =IFERROR(__xludf.DUMMYFUNCTION("IF(C90<>"""",COUNTIF(FILTER(OppMonsUsed, GameResults=""win""), C90), """")"),"") | F90: =IFERROR(100*E90/D90, "")
D91: =IF(C91<>"", CountIF(OppMonsUsed, C91), "") | E91: =IFERROR(__xludf.DUMMYFUNCTION("IF(C91<>"""",COUNTIF(FILTER(OppMonsUsed, GameResults=""win""), C91), """")"),"") | F91: =IFERROR(100*E91/D91, "")
D92: =IF(C92<>"", CountIF(OppMonsUsed, C92), "") | E92: =IFERROR(__xludf.DUMMYFUNCTION("IF(C92<>"""",COUNTIF(FILTER(OppMonsUsed, GameResults=""win""), C92), """")"),"") | F92: =IFERROR(100*E92/D92, "")
D93: =IF(C93<>"", CountIF(OppMonsUsed, C93), "") | E93: =IFERROR(__xludf.DUMMYFUNCTION("IF(C93<>"""",COUNTIF(FILTER(OppMonsUsed, GameResults=""win""), C93), """")"),"") | F93: =IFERROR(100*E93/D93, "")
D94: =IF(C94<>"", CountIF(OppMonsUsed, C94), "") | E94: =IFERROR(__xludf.DUMMYFUNCTION("IF(C94<>"""",COUNTIF(FILTER(OppMonsUsed, GameResults=""win""), C94), """")"),"") | F94: =IFERROR(100*E94/D94, "")
D95: =IF(C95<>"", CountIF(OppMonsUsed, C95), "") | E95: =IFERROR(__xludf.DUMMYFUNCTION("IF(C95<>"""",COUNTIF(FILTER(OppMonsUsed, GameResults=""win""), C95), """")"),"") | F95: =IFERROR(100*E95/D95, "")
D96: =IF(C96<>"", CountIF(OppMonsUsed, C96), "") | E96: =IFERROR(__xludf.DUMMYFUNCTION("IF(C96<>"""",COUNTIF(FILTER(OppMonsUsed, GameResults=""win""), C96), """")"),"") | F96: =IFERROR(100*E96/D96, "")
D97: =IF(C97<>"", CountIF(OppMonsUsed, C97), "") | E97: =IFERROR(__xludf.DUMMYFUNCTION("IF(C97<>"""",COUNTIF(FILTER(OppMonsUsed, GameResults=""win""), C97), """")"),"") | F97: =IFERROR(100*E97/D97, "")
D98: =IF(C98<>"", CountIF(OppMonsUsed, C98), "") | E98: =IFERROR(__xludf.DUMMYFUNCTION("IF(C98<>"""",COUNTIF(FILTER(OppMonsUsed, GameResults=""win""), C98), """")"),"") | F98: =IFERROR(100*E98/D98, "")
D99: =IF(C99<>"", CountIF(OppMonsUsed, C99), "") | E99: =IFERROR(__xludf.DUMMYFUNCTION("IF(C99<>"""",COUNTIF(FILTER(OppMonsUsed, GameResults=""win""), C99), """")"),"") | F99: =IFERROR(100*E99/D99, "")
D100: =IF(C100<>"", CountIF(OppMonsUsed, C100), "") | E100: =IFERROR(__xludf.DUMMYFUNCTION("IF(C100<>"""",COUNTIF(FILTER(OppMonsUsed, GameResults=""win""), C100), """")"),"") | F100: =IFERROR(100*E100/D100, "")
...

Sheet Report
H1: AN for mons | I1: BF for win | J1: AN and AO are player leads | L1: CV Tera Mon | M1: CW Tera Type
A2: Totals
A3: Games Played | B3: =(B4+B5) -> 4 | J3: Tera
A4: Games Won | B4: =COUNTIF('Base Data'!DW3:DW102, "Win") -> 0 | D4: Usage Stats | E4: Times Used | F4: Times Won | G4: Winrate | H4: Usage | J4: Tera Count | K4: Tera AND win | L4: Tera WinRate
A5: Games Lost | B5: =COUNTIF('Base Data'!DW3:DW102, "Loss") -> 4 | D5: ='Team Info From Paste'!C2 -> Alcremie-Matcha-Cream | E5: =COUNTIF('Base Data'!CT3:CW102, D5) -> 4 | F5: =IFERROR(__xludf.DUMMYFUNCTION("COUNTIF(FILTER('Base Data'!CT3:CW102, GameResults=""win""), D5)"),0.0) -> 0 | G5: =IFERROR(100*F5/E5, "N/A") -> 0 | H5: =100*E5/B3 -> 100 | J5: =COUNTIF('Base Data'!DE3:DE102, D5) -> 0 | K5: =IFERROR(__xludf.DUMMYFUNCTION("COUNTIF(FILTER('Base Data'!DE3:DE102, GameResults=""win""), D5)"),0.0) -> 0 | L5: =IFERROR(100*K5/J5, "N/A") -> N/A
A6: Win % | B6: =(B4/B3) -> 0 | D6: ='Team Info From Paste'!C3 -> Weavile | E6: =COUNTIF('Base Data'!CT3:CW102, D6) -> 4 | F6: =IFERROR(__xludf.DUMMYFUNCTION("COUNTIF(FILTER('Base Data'!CT3:CW102, GameResults=""win""), D6)"),0.0) -> 0 | G6: =IFERROR(100*F6/E6, "N/A") -> 0 | H6: =100*E6/B3 -> 100 | J6: =COUNTIF('Base Data'!DE3:DE102, D6) -> 0 | K6: =IFERROR(__xludf.DUMMYFUNCTION("COUNTIF(FILTER('Base Data'!DE3:DE102, GameResults=""win""), D6)"),0.0) -> 0 | L6: =IFERROR(100*K6/J6, "N/A") -> N/A
D7: ='Team Info From Paste'!C4 -> Skeledirge | E7: =COUNTIF('Base Data'!CT3:CW102, D7) -> 3 | F7: =IFERROR(__xludf.DUMMYFUNCTION("COUNTIF(FILTER('Base Data'!CT3:CW102, GameResults=""win""), D7)"),0.0) -> 0 | G7: =IFERROR(100*F7/E7, "N/A") -> 0 | H7: =100*E7/B3 -> 75 | J7: =COUNTIF('Base Data'!DE3:DE102, D7) -> 2 | K7: =IFERROR(__xludf.DUMMYFUNCTION("COUNTIF(FILTER('Base Data'!DE3:DE102, GameResults=""win""), D7)"),0.0) -> 0 | L7: =IFERROR(100*K7/J7, "N/A") -> 0
D8: ='Team Info From Paste'!C5 -> Gholdengo | E8: =COUNTIF('Base Data'!CT3:CW102, D8) -> 1 | F8: =IFERROR(__xludf.DUMMYFUNCTION("COUNTIF(FILTER('Base Data'!CT3:CW102, GameResults=""win""), D8)"),0.0) -> 0 | G8: =IFERROR(100*F8/E8, "N/A") -> 0 | H8: =100*E8/B3 -> 25 | J8: =COUNTIF('Base Data'!DE3:DE102, D8) -> 1 | K8: =IFERROR(__xludf.DUMMYFUNCTION("COUNTIF(FILTER('Base Data'!DE3:DE102, GameResults=""win""), D8)"),0.0) -> 0 | L8: =IFERROR(100*K8/J8, "N/A") -> 0
D9: ='Team Info From Paste'!C6 -> Exeggutor-Alola | E9: =COUNTIF('Base Data'!CT3:CW102, D9) -> 1 | F9: =IFERROR(__xludf.DUMMYFUNCTION("COUNTIF(FILTER('Base Data'!CT3:CW102, GameResults=""win""), D9)"),0.0) -> 0 | G9: =IFERROR(100*F9/E9, "N/A") -> 0 | H9: =100*E9/B3 -> 25 | J9: =COUNTIF('Base Data'!DE3:DE102, D9) -> 0 | K9: =IFERROR(__xludf.DUMMYFUNCTION("COUNTIF(FILTER('Base Data'!DE3:DE102, GameResults=""win""), D9)"),0.0) -> 0 | L9: =IFERROR(100*K9/J9, "N/A") -> N/A
D10: ='Team Info From Paste'!C7 -> Salamence | E10: =COUNTIF('Base Data'!CT3:CW102, D10) -> 3 | F10: =IFERROR(__xludf.DUMMYFUNCTION("COUNTIF(FILTER('Base Data'!CT3:CW102, GameResults=""win""), D10)"),0.0) -> 0 | G10: =IFERROR(100*F10/E10, "N/A") -> 0 | H10: =100*E10/B3 -> 75 | J10: =COUNTIF('Base Data'!DE3:DE102, D10) -> 1 | K10: =IFERROR(__xludf.DUMMYFUNCTION("COUNTIF(FILTER('Base Data'!DE3:DE102, GameResults=""win""), D10)"),0.0) -> 0 | L10: =IFERROR(100*K10/J10, "N/A") -> 0
D13: Lead Stats | E13: Times LED | F13: Lead Wins | G13: WR% as Lead | H13: % as Lead
D14: ='Team Info From Paste'!C2 -> Alcremie-Matcha-Cream | E14: =COUNTIF('Base Data'!CX3:CY102, D14) -> 4 | F14: =IFERROR(__xludf.DUMMYFUNCTION("COUNTIF(FILTER('Base Data'!CX3:CY102, GameResults=""win""), D14)"),0.0) -> 0 | G14: =IFERROR(100*F14/E14, "N/A") -> 0 | H14: =100*E14/B3 -> 100
D15: ='Team Info From Paste'!C3 -> Weavile | E15: =COUNTIF('Base Data'!CX3:CY102, D15) -> 0 | F15: =IFERROR(__xludf.DUMMYFUNCTION("COUNTIF(FILTER('Base Data'!CX3:CY102, GameResults=""win""), D15)"),0.0) -> 0 | G15: =IFERROR(100*F15/E15, "N/A") -> N/A | H15: =100*E14/B3 -> 100
D16: ='Team Info From Paste'!C4 -> Skeledirge | E16: =COUNTIF('Base Data'!CX3:CY102, D16) -> 2 | F16: =IFERROR(__xludf.DUMMYFUNCTION("COUNTIF(FILTER('Base Data'!CX3:CY102, GameResults=""win""), D16)"),0.0) -> 0 | G16: =IFERROR(100*F16/E16, "N/A") -> 0 | H16: =100*E16/B3 -> 50
D17: ='Team Info From Paste'!C5 -> Gholdengo | E17: =COUNTIF('Base Data'!CX3:CY102, D17) -> 0 | F17: =IFERROR(__xludf.DUMMYFUNCTION("COUNTIF(FILTER('Base Data'!CX3:CY102, GameResults=""win""), D17)"),0.0) -> 0 | G17: =IFERROR(100*F17/E17, "N/A") -> N/A | H17: =100*E17/B3 -> 0
D18: ='Team Info From Paste'!C6 -> Exeggutor-Alola | E18: =COUNTIF('Base Data'!CX3:CY102, D18) -> 0 | F18: =IFERROR(__xludf.DUMMYFUNCTION("COUNTIF(FILTER('Base Data'!CX3:CY102, GameResults=""win""), D18)"),0.0) -> 0 | G18: =IFERROR(100*F18/E18, "N/A") -> N/A | H18: =100*E18/B3 -> 0
D19: ='Team Info From Paste'!C7 -> Salamence | E19: =COUNTIF('Base Data'!CX3:CY102, D19) -> 2 | F19: =IFERROR(__xludf.DUMMYFUNCTION("COUNTIF(FILTER('Base Data'!CX3:CY102, GameResults=""win""), D19)"),0.0) -> 0 | G19: =IFERROR(100*F19/E19, "N/A") -> 0 | H19: =100*E19/B3 -> 50
D21: OTS Stuff
G22: OTS win % | H22: CTS win %
D23: Total OTS count | E23: =COUNTIF('Base Data'!Y3:Y102, "ots") -> 0 | G23: =IFERROR(100*E26/E23, "N/A") -> N/A | H23: =IFERROR(100*E29/E24, "N/A") -> 0
D24: Total CTS count | E24: =COUNTIF('Base Data'!Y3:Y102, "cts") -> 4
D26: OTS win count | E26: =IFERROR(__xludf.DUMMYFUNCTION("COUNTIF(FILTER('Base Data'!Y3:Y102, GameResults=""win""), ""ots"")"),0.0) -> 0
D27: OTS lose count | E27: =IFERROR(__xludf.DUMMYFUNCTION("COUNTIF(FILTER('Base Data'!Y3:Y102, GameResults=""loss""), ""ots"")"),0.0) -> 0
D29: CTS win count | E29: =IFERROR(__xludf.DUMMYFUNCTION("COUNTIF(FILTER('Base Data'!Y3:Y102, GameResults=""win""), ""cts"")"),0.0) -> 0
D30: CTS lose count | E30: =IFERROR(__xludf.DUMMYFUNCTION("COUNTIF(FILTER('Base Data'!Y3:Y102, GameResults=""loss""), ""cts"")"),4.0) -> 4

Sheet OtherIcons
A1: =IMAGE("https://cdn-icons-png.flaticon.com/512/38/38488.png") -> #REF!
A2: =Image("https://cdn-icons-png.flaticon.com/512/58/58976.png") -> #REF!

Sheet Base Data
B1: P1 Name and Mons | I1: P2 Name and Mons | Q1: Terastallize | U1: Leads | Y1: OTS? | Z1: Start ELO | AB1: End ELO | AE1: USAGE of MONS | CR1: <- DATA | CS1: CALCS -> | CT1: Player Mon 1 | CU1: Player Mon 2 | CV1: Player Mon 3 | CW1: Player Mon 4 | CX1: Player Lead | CY1: Player Lead | CZ1: Opp Lead | DA1: Opp Lead | DB1: Opp Back | DC1: Opp Back | DD1: PLAYER NUMBER | DE1: Player Tera | DF1: Player Tera Type | DG1: Opp Tera | DH1: Opp Tera Type | DP1: OPP NAME | DY1: P1 Moves start | DZ1: P1 Moves End | EA1: P2 Moves Start | EB1: P2 Moves end | EC1: PLAYERS RANGE | ED1: $ CLEAN | EE1: PLAYER ELO | EF1: OPP ELO
A2: Replays | B2: Player 1 | C2: Pokémon 1 | D2: Pokémon 2 | E2: Pokémon 3 | F2: Pokémon 4 | G2: Pokémon 5 | H2: Pokémon 6 | I2: Player 2 | J2: Pokémon 1 | K2: Pokémon 2 | L2: Pokémon 3 | M2: Pokémon 4 | N2: Pokémon 5 | O2: Pokémon 6 | P2: Win | Q2: P1 Tera | R2: P1 Tera Type | S2: P2 Tera | T2: P2 Tera Type | U2: P1 Lead | V2: P1 Lead | W2: P2 Lead | X2: P2 Lead | Y2: NUM BATT LINES | Z2: P1 | AA2: P2 | AB2: P1 | AC2: P2 | AE2: P1 - 1 | AF2: P1 - 2 | AG2: P1 - 3 | AH2: P1 - 4 | AI2: P2 - 1 | AJ2: P2 - 2 | AK2: P2 - 3 | AL2: P2 - 4 | DI2: Is player?
B3: =IF(HomePage!C14<>"", REPLAYTODATA(HomePage!C14), "") -> Tacodad | C3: Alcremie-Matcha-Cream | D3: Weavile | E3: Skeledirge | F3: Gholdengo | G3: Exeggutor-Alola | H3: Salamence | I3: DoByG | J3: Clefable | K3: Exeggutor | L3: Snorlax | M3: Dragonite | N3: Gyarados | O3: Hitmonlee | P3: 2 | Q3: Skeledirge | R3: Grass | S3: Gyarados | T3: Flying | U3: Alcremie-Matcha-Cream | V3: Skeledirge | W3: Hitmonlee | X3: Gyarados | Y3: cts | Z3: 1032 | AA3: 1037 | AB3: 1017 | AC3: 1071 | AE3: Alcremie-Matcha-Cream | AF3: Skeledirge | AG3: Salamence | AH3: Weavile | AI3: Hitmonlee | AJ3: Gyarados | AK3: Clefable | AL3: Dragonite | AM3: P1 MOVES START | AN3: Alcremie:Baby-Doll Eyes:2 | AO3: Salamence:Dragon Dance:2 | AP3: Salamence:Dragon Claw:2 | AQ3: Salamence:Dual Wingbeat:1 | AR3: Skeledirge:Will-O-Wisp:1 | AS3: Weavile:Fake Out:1 | AT3: P1 MOVES END | AU3: P2 MOVES START | AV3: Hitmonlee:Fake Out:1 | AW3: Hitmonlee:Coaching:2 | AX3: Hitmonlee:Low Sweep:1 | AY3: Gyarados:Dragon Dance:1 | AZ3: Gyarados:Protect:2 | BA3: Gyarados:Waterfall:2 | BB3: Gyarados:Tera Blast:2 | BC3: Clefable:Follow Me:2 | BD3: Dragonite:Extreme Speed:3 | BE3: P2 MOVES END | CT3: =(if(DD3 = "1", AE3, AI3)) -> Alcremie-Matcha-Cream | CU3: =(if(DD3 = "1", AF3, AJ3)) -> Skeledirge | CV3: =(if(DD3 = "1", AG3, AK3)) -> Salamence | CW3: =(if(DD3 = "1", AH3, AL3)) -> Weavile | CX3: =IF(DD3="1", U3, W3) -> Alcremie-Matcha-Cream | CY3: =IF(DD3="1", V3, X3) -> Skeledirge | CZ3: =IF(DD3="1", W3, U3) -> Hitmonlee | DA3: =IF(DD3="1", X3, V3) -> Gyarados | DB3: =(if(DD3 = "1", AK3, AG3)) -> Clefable | DC3: =(if(DD3 = "1", AL3, AH3)) -> Dragonite | DD3: =IF(DI3=B3,"1","2") -> 1 | DE3: =IF(DD3 = "1", Q3, S3) -> Skeledirge | DF3: =IF(DD3 = "1", R3, T3) -> Grass | DG3: =IF(DD3 = "1", S3, Q3) -> Gyarados | DH3: =IF(DD3 = "1", T3, R3) -> Flying | DI3: =IF(COUNTIF(PlayerAltNames,B3)>0, B3, I3) -> Tacodad | DJ3: =IF(COUNTIF($I3,$DI3)>0, J3, C3) -> Alcremie-Matcha-Cream | DK3: =IF(COUNTIF($I3,$DI3)>0, K3, D3) -> Weavile | DL3: =IF(COUNTIF($I3,$DI3)>0, L3, E3) -> Skeledirge | DM3: =IF(COUNTIF($I3,$DI3)>0, M3, F3) -> Gholdengo | DN3: =IF(COUNTIF($I3,$DI3)>0, N3, G3) -> Exeggutor-Alola | DO3: =IF(COUNTIF($I3,$DI3)>0, O3, H3) -> Salamence | DP3: =IF(COUNTIF(I3,DI3) > 0, B3, I3) -> DoByG | DQ3: =IF(COUNTIF($I3,$DP3), J3, C3) -> Clefable | DR3: =IF(COUNTIF($I3,$DP3), K3, D3) -> Exeggutor | DS3: =IF(COUNTIF($I3,$DP3), L3, E3) -> Snorlax | DT3: =IF(COUNTIF($I3,$DP3), M3, F3) -> Dragonite | DU3: =IF(COUNTIF($I3,$DP3), N3, G3) -> Gyarados | DV3: =IF(COUNTIF($I3,$DP3), O3, H3) -> Hitmonlee | DW3: =IF(HomePage!C14 <> "", IFS(AND(P3 = 1, COUNTIF(PlayerAltNames, B3)>0), "Win", AND(P3 = 1, COUNTIF(PlayerAltNames, I3)>0), "Loss", AND(P3 = 2, COUNTIF(PlayerAltNames, I3)>0), "Win", AND(P3 = 2, COUNTIF(PlayerAltNames, B3)>0), "Loss"), "") -> Loss | DY3: =CELL("address", INDEX(AM3:CQ3, MATCH("P1 MOVES START", AM3:CQ3, 0))) -> $AM$3 | DZ3: =CELL("address", INDEX(AM3:CQ3, MATCH("P1 MOVES END", AM3:CQ3, 0))) -> $AT$3 | EA3: =CELL("address", INDEX(AM3:CQ3, MATCH("P2 MOVES START", AM3:CQ3, 0))) -> $AU$3 | EB3: =CELL("address", INDEX(AM3:CQ3, MATCH("P2 MOVES END", AM3:CQ3, 0))) -> $BE$3 | EC3: =IF(DD3 = "1", CONCATENATE(DY3, ":", DZ3), CONCATENATE(EA3, ":", EB3)) -> $AM$3:$AT$3 | ED3: =SUBSTITUTE(EC3, "$", "") -> AM3:AT3 | EE3: =IF(DD3 = "1", ("" & Z3 & " -> " & AB3), ("" & AA3 & " -> " & AC3)) -> 1032 -> 1017 | EF3: =IF(DD3 = "1", AA3, Z3) -> 1037
B4: =IF(HomePage!C15<>"", REPLAYTODATA(HomePage!C15), "") -> Tacodad | C4: Alcremie-Matcha-Cream | D4: Weavile | E4: Skeledirge | F4: Gholdengo | G4: Exeggutor-Alola | H4: Salamence | I4: diogo10egas | J4: Annihilape | K4: Maushold | L4: Pelipper | M4: Archaludon | N4: Ogerpon-Wellspring | O4: Umbreon | P4: 2 | Q4: Gholdengo | R4: Steel | S4: Umbreon | T4: Fairy | U4: Alcremie-Matcha-Cream | V4: Salamence | W4: Annihilape | X4: Umbreon | Y4: cts | Z4: 1017 | AA4: 1076 | AB4: 1007 | AC4: 1100 | AE4: Alcremie-Matcha-Cream | AF4: Salamence | AG4: Gholdengo | AH4: Weavile | AI4: Annihilape | AJ4: Umbreon | AK4: Archaludon | AL4: Ogerpon-Wellspring | AM4: P1 MOVES START | AN4: Salamence:Dragon Dance:1 | AO4: Salamence:Dual Wingbeat:1 | AP4: Alcremie:Decorate:1 | AQ4: Alcremie:Calm Mind:1 | AR4: Gholdengo:Make It Rain:4 | AS4: Weavile:Fake Out:1 | AT4: Weavile:Protect:1 | AU4: Weavile:Ice Spinner:1 | AV4: Weavile:Foul Play:1 | AW4: P1 MOVES END | AX4: P2 MOVES START | AY4: Annihilape:Protect:1 | AZ4: Annihilape:Drain Punch:2 | BA4: Annihilape:Rage Fist:1 | BB4: Umbreon:Skill Swap:1 | BC4: Umbreon:Foul Play:1 | BD4: Archaludon:Heavy Slam:1 | BE4: Ogerpon:Spiky Shield:1 | BF4: Ogerpon:Follow Me:1 | BG4: Ogerpon:Ivy Cudgel:1 | BH4: P2 MOVES END | CT4: =(if(DD4 = "1", AE4, AI4)) -> Alcremie-Matcha-Cream | CU4: =(if(DD4 = "1", AF4, AJ4)) -> Salamence | CV4: =(if(DD4 = "1", AG4, AK4)) -> Gholdengo | CW4: =(if(DD4 = "1", AH4, AL4)) -> Weavile | CX4: =IF(DD4="1", U4, W4) -> Alcremie-Matcha-Cream | CY4: =IF(DD4="1", V4, X4) -> Salamence | CZ4: =IF(DD4="1", W4, U4) -> Annihilape | DA4: =IF(DD4="1", X4, V4) -> Umbreon | DB4: =(if(DD4 = "1", AK4, AG4)) -> Archaludon | DC4: =(if(DD4 = "1", AL4, AH4)) -> Ogerpon-Wellspring | DD4: =IF(DI4=B4,"1","2") -> 1 | DE4: =IF(DD4 = "1", Q4, S4) -> Gholdengo | DF4: =IF(DD4 = "1", R4, T4) -> Steel | DG4: =IF(DD4 = "1", S4, Q4) -> Umbreon | DH4: =IF(DD4 = "1", T4, R4) -> Fairy | DI4: =IF(COUNTIF(PlayerAltNames,B4)>0, B4, I4) -> Tacodad | DJ4: =IF(COUNTIF($I4,$DI4)>0, J4, C4) -> Alcremie-Matcha-Cream | DK4: =IF(COUNTIF($I4,$DI4)>0, K4, D4) -> Weavile | DL4: =IF(COUNTIF($I4,$DI4)>0, L4, E4) -> Skeledirge | DM4: =IF(COUNTIF($I4,$DI4)>0, M4, F4) -> Gholdengo | DN4: =IF(COUNTIF($I4,$DI4)>0, N4, G4) -> Exeggutor-Alola | DO4: =IF(COUNTIF($I4,$DI4)>0, O4, H4) -> Salamence | DP4: =IF(COUNTIF(I4,DI4) > 0, B4, I4) -> diogo10egas | DQ4: =IF(COUNTIF($I4,$DP4), J4, C4) -> Annihilape | DR4: =IF(COUNTIF($I4,$DP4), K4, D4) -> Maushold | DS4: =IF(COUNTIF($I4,$DP4), L4, E4) -> Pelipper | DT4: =IF(COUNTIF($I4,$DP4), M4, F4) -> Archaludon | DU4: =IF(COUNTIF($I4,$DP4), N4, G4) -> Ogerpon-Wellspring | DV4: =IF(COUNTIF($I4,$DP4), O4, H4) -> Umbreon | DW4: =IF(HomePage!C15 <> "", IFS(AND(P4 = 1, COUNTIF(PlayerAltNames, B4)>0), "Win", AND(P4 = 1, COUNTIF(PlayerAltNames, I4)>0), "Loss", AND(P4 = 2, COUNTIF(PlayerAltNames, I4)>0), "Win", AND(P4 = 2, COUNTIF(PlayerAltNames, B4)>0), "Loss"), "") -> Loss | DY4: =CELL("address", INDEX(AM4:CQ4, MATCH("P1 MOVES START", AM4:CQ4, 0))) -> $AM$4 | DZ4: =CELL("address", INDEX(AM4:CQ4, MATCH("P1 MOVES END", AM4:CQ4, 0))) -> $AW$4 | EA4: =CELL("address", INDEX(AM4:CQ4, MATCH("P2 MOVES START", AM4:CQ4, 0))) -> $AX$4 | EB4: =CELL("address", INDEX(AM4:CQ4, MATCH("P2 MOVES END", AM4:CQ4, 0))) -> $BH$4 | EC4: =IF(DD4 = "1", CONCATENATE(DY4, ":", DZ4), CONCATENATE(EA4, ":", EB4)) -> $AM$4:$AW$4 | ED4: =SUBSTITUTE(EC4, "$", "") -> AM4:AW4 | EE4: =IF(DD4 = "1", ("" & Z4 & " -> " & AB4), ("" & AA4 & " -> " & AC4)) -> 1017 -> 1007 | EF4: =IF(DD4 = "1", AA4, Z4) -> 1076
B5: =IF(HomePage!C16<>"", REPLAYTODATA(HomePage!C16), "") -> Tacodad | C5: Alcremie-Matcha-Cream | D5: Weavile | E5: Skeledirge | F5: Gholdengo | G5: Exeggutor-Alola | H5: Salamence | I5: Larateamo | J5: Chien-Pao | K5: Urshifu-* | L5: Raging Bolt | M5: Incineroar | N5: Amoonguss | O5: Gholdengo | P5: 2 | Q5: Skeledirge | R5: Grass | S5: Amoonguss | T5: Water | U5: Alcremie-Matcha-Cream | V5: Skeledirge | W5: Raging Bolt | X5: Urshifu-Rapid-Strike | Y5: cts | Z5: 1007 | AA5: 1000 | AB5: 1000 | AC5: 1041 | AE5: Alcremie-Matcha-Cream | AF5: Skeledirge | AG5: Exeggutor-Alola | AH5: Weavile | AI5: Raging Bolt | AJ5: Urshifu-Rapid-Strike | AK5: Incineroar | AL5: Amoonguss | AM5: P1 MOVES START | AN5: Skeledirge:Torch Song:1 | AO5: Skeledirge:Tera Blast:1 | AP5: Alcremie:Decorate:1 | AQ5: Exeggutor:Draco Meteor:2 | AR5: Weavile:Ice Spinner:1 | AS5: Weavile:Foul Play:1 | AT5: P1 MOVES END | AU5: P2 MOVES START | AV5: Urshifu:Surging Strikes:2 | AW5: Raging Bolt:Snarl:1 | AX5: Raging Bolt:Draco Meteor:1 | AY5: Raging Bolt:Electroweb:1 | AZ5: Incineroar:Fake Out:1 | BA5: Incineroar:Flare Blitz:1 | BB5: Incineroar:Knock Off:2 | BC5: Amoonguss:Sludge Bomb:2 | BD5: P2 MOVES END | CT5: =(if(DD5 = "1", AE5, AI5)) -> Alcremie-Matcha-Cream | CU5: =(if(DD5 = "1", AF5, AJ5)) -> Skeledirge | CV5: =(if(DD5 = "1", AG5, AK5)) -> Exeggutor-Alola | CW5: =(if(DD5 = "1", AH5, AL5)) -> Weavile | CX5: =IF(DD5="1", U5, W5) -> Alcremie-Matcha-Cream | CY5: =IF(DD5="1", V5, X5) -> Skeledirge | CZ5: =IF(DD5="1", W5, U5) -> Raging Bolt | DA5: =IF(DD5="1", X5, V5) -> Urshifu-Rapid-Strike | DB5: =(if(DD5 = "1", AK5, AG5)) -> Incineroar | DC5: =(if(DD5 = "1", AL5, AH5)) -> Amoonguss | DD5: =IF(DI5=B5,"1","2") -> 1 | DE5: =IF(DD5 = "1", Q5, S5) -> Skeledirge | DF5: =IF(DD5 = "1", R5, T5) -> Grass | DG5: =IF(DD5 = "1", S5, Q5) -> Amoonguss | DH5: =IF(DD5 = "1", T5, R5) -> Water | DI5: =IF(COUNTIF(PlayerAltNames,B5)>0, B5, I5) -> Tacodad | DJ5: =IF(COUNTIF($I5,$DI5)>0, J5, C5) -> Alcremie-Matcha-Cream | DK5: =IF(COUNTIF($I5,$DI5)>0, K5, D5) -> Weavile | DL5: =IF(COUNTIF($I5,$DI5)>0, L5, E5) -> Skeledirge | DM5: =IF(COUNTIF($I5,$DI5)>0, M5, F5) -> Gholdengo | DN5: =IF(COUNTIF($I5,$DI5)>0, N5, G5) -> Exeggutor-Alola | DO5: =IF(COUNTIF($I5,$DI5)>0, O5, H5) -> Salamence | DP5: =IF(COUNTIF(I5,DI5) > 0, B5, I5) -> Larateamo | DQ5: =IF(COUNTIF($I5,$DP5), J5, C5) -> Chien-Pao | DR5: =IF(COUNTIF($I5,$DP5), K5, D5) -> Urshifu-* | DS5: =IF(COUNTIF($I5,$DP5), L5, E5) -> Raging Bolt | DT5: =IF(COUNTIF($I5,$DP5), M5, F5) -> Incineroar | DU5: =IF(COUNTIF($I5,$DP5), N5, G5) -> Amoonguss | DV5: =IF(COUNTIF($I5,$DP5), O5, H5) -> Gholdengo | DW5: =IF(HomePage!C16 <> "", IFS(AND(P5 = 1, COUNTIF(PlayerAltNames, B5)>0), "Win", AND(P5 = 1, COUNTIF(PlayerAltNames, I5)>0), "Loss", AND(P5 = 2, COUNTIF(PlayerAltNames, I5)>0), "Win", AND(P5 = 2, COUNTIF(PlayerAltNames, B5)>0), "Loss"), "") -> Loss | DY5: =CELL("address", INDEX(AM5:CQ5, MATCH("P1 MOVES START", AM5:CQ5, 0))) -> $AM$5 | DZ5: =CELL("address", INDEX(AM5:CQ5, MATCH("P1 MOVES END", AM5:CQ5, 0))) -> $AT$5 | EA5: =CELL("address", INDEX(AM5:CQ5, MATCH("P2 MOVES START", AM5:CQ5, 0))) -> $AU$5 | EB5: =CELL("address", INDEX(AM5:CQ5, MATCH("P2 MOVES END", AM5:CQ5, 0))) -> $BD$5 | EC5: =IF(DD5 = "1", CONCATENATE(DY5, ":", DZ5), CONCATENATE(EA5, ":", EB5)) -> $AM$5:$AT$5 | ED5: =SUBSTITUTE(EC5, "$", "") -> AM5:AT5 | EE5: =IF(DD5 = "1", ("" & Z5 & " -> " & AB5), ("" & AA5 & " -> " & AC5)) -> 1007 -> 1000 | EF5: =IF(DD5 = "1", AA5, Z5) -> 1000
B6: =IF(HomePage!C17<>"", REPLAYTODATA(HomePage!C17), "") -> Tacodad | C6: Alcremie-Matcha-Cream | D6: Weavile | E6: Skeledirge | F6: Gholdengo | G6: Exeggutor-Alola | H6: Salamence | I6: thaoss | J6: Incineroar | K6: Rillaboom | L6: Ursaluna-Bloodmoon | M6: Farigiraf | N6: Raging Bolt | O6: Urshifu-* | P6: 2 | Q6: Salamence | R6: Flying | S6: Ursaluna-Bloodmoon | T6: Normal | U6: Salamence | V6: Alcremie-Matcha-Cream | W6: Urshifu-Rapid-Strike | X6: Farigiraf | Y6: cts | Z6: 1000 | AA6: 1000 | AB6: 1000 | AC6: 1040 | AE6: Salamence | AF6: Alcremie-Matcha-Cream | AG6: Weavile | AH6: Skeledirge | AI6: Urshifu-Rapid-Strike | AJ6: Farigiraf | AK6: Ursaluna-Bloodmoon | AL6: Incineroar | AM6: P1 MOVES START | AN6: Salamence:Dragon Dance:1 | AO6: Salamence:Dual Wingbeat:1 | AP6: Salamence:Protect:1 | AQ6: Alcremie:Decorate:1 | AR6: Alcremie:Calm Mind:1 | AS6: Alcremie:Draining Kiss:1 | AT6: Skeledirge:Protect:1 | AU6: Skeledirge:Torch Song:2 | AV6: Weavile:Protect:1 | AW6: Weavile:Ice Spinner:2 | AX6: P1 MOVES END | AY6: P2 MOVES START | AZ6: Urshifu:U-turn:1 | BA6: Urshifu:Close Combat:1 | BB6: Farigiraf:Trick Room:1 | BC6: Farigiraf:Dazzling Gleam:3 | BD6: Farigiraf:Helping Hand:2 | BE6: Farigiraf:Psychic Noise:1 | BF6: Ursaluna:Hyper Voice:1 | BG6: Incineroar:Fake Out:1 | BH6: Incineroar:Flare Blitz:2 | BI6: Incineroar:Knock Off:2 | BJ6: P2 MOVES END | CT6: =(if(DD6 = "1", AE6, AI6)) -> Salamence | CU6: =(if(DD6 = "1", AF6, AJ6)) -> Alcremie-Matcha-Cream | CV6: =(if(DD6 = "1", AG6, AK6)) -> Weavile | CW6: =(if(DD6 = "1", AH6, AL6)) -> Skeledirge | CX6: =IF(DD6="1", U6, W6) -> Salamence | CY6: =IF(DD6="1", V6, X6) -> Alcremie-Matcha-Cream | CZ6: =IF(DD6="1", W6, U6) -> Urshifu-Rapid-Strike | DA6: =IF(DD6="1", X6, V6) -> Farigiraf | DB6: =(if(DD6 = "1", AK6, AG6)) -> Ursaluna-Bloodmoon | DC6: =(if(DD6 = "1", AL6, AH6)) -> Incineroar | DD6: =IF(DI6=B6,"1","2") -> 1 | DE6: =IF(DD6 = "1", Q6, S6) -> Salamence | DF6: =IF(DD6 = "1", R6, T6) -> Flying | DG6: =IF(DD6 = "1", S6, Q6) -> Ursaluna-Bloodmoon | DH6: =IF(DD6 = "1", T6, R6) -> Normal | DI6: =IF(COUNTIF(PlayerAltNames,B6)>0, B6, I6) -> Tacodad | DJ6: =IF(COUNTIF($I6,$DI6)>0, J6, C6) -> Alcremie-Matcha-Cream | DK6: =IF(COUNTIF($I6,$DI6)>0, K6, D6) -> Weavile | DL6: =IF(COUNTIF($I6,$DI6)>0, L6, E6) -> Skeledirge | DM6: =IF(COUNTIF($I6,$DI6)>0, M6, F6) -> Gholdengo | DN6: =IF(COUNTIF($I6,$DI6)>0, N6, G6) -> Exeggutor-Alola | DO6: =IF(COUNTIF($I6,$DI6)>0, O6, H6) -> Salamence | DP6: =IF(COUNTIF(I6,DI6) > 0, B6, I6) -> thaoss | DQ6: =IF(COUNTIF($I6,$DP6), J6, C6) -> Incineroar | DR6: =IF(COUNTIF($I6,$DP6), K6, D6) -> Rillaboom | DS6: =IF(COUNTIF($I6,$DP6), L6, E6) -> Ursaluna-Bloodmoon | DT6: =IF(COUNTIF($I6,$DP6), M6, F6) -> Farigiraf | DU6: =IF(COUNTIF($I6,$DP6), N6, G6) -> Raging Bolt | DV6: =IF(COUNTIF($I6,$DP6), O6, H6) -> Urshifu-* | DW6: =IF(HomePage!C17 <> "", IFS(AND(P6 = 1, COUNTIF(PlayerAltNames, B6)>0), "Win", AND(P6 = 1, COUNTIF(PlayerAltNames, I6)>0), "Loss", AND(P6 = 2, COUNTIF(PlayerAltNames, I6)>0), "Win", AND(P6 = 2, COUNTIF(PlayerAltNames, B6)>0), "Loss"), "") -> Loss | DY6: =CELL("address", INDEX(AM6:CQ6, MATCH("P1 MOVES START", AM6:CQ6, 0))) -> $AM$6 | DZ6: =CELL("address", INDEX(AM6:CQ6, MATCH("P1 MOVES END", AM6:CQ6, 0))) -> $AX$6 | EA6: =CELL("address", INDEX(AM6:CQ6, MATCH("P2 MOVES START", AM6:CQ6, 0))) -> $AY$6 | EB6: =CELL("address", INDEX(AM6:CQ6, MATCH("P2 MOVES END", AM6:CQ6, 0))) -> $BJ$6 | EC6: =IF(DD6 = "1", CONCATENATE(DY6, ":", DZ6), CONCATENATE(EA6, ":", EB6)) -> $AM$6:$AX$6 | ED6: =SUBSTITUTE(EC6, "$", "") -> AM6:AX6 | EE6: =IF(DD6 = "1", ("" & Z6 & " -> " & AB6), ("" & AA6 & " -> " & AC6)) -> 1000 -> 1000 | EF6: =IF(DD6 = "1", AA6, Z6) -> 1000
B7: =IF(HomePage!C18<>"", REPLAYTODATA(HomePage!C18), "") | CT7: =(if(DD7 = "1", AE7, AI7)) | CU7: =(if(DD7 = "1", AF7, AJ7)) | CV7: =(if(DD7 = "1", AG7, AK7)) | CW7: =(if(DD7 = "1", AH7, AL7)) | CX7: =IF(DD7="1", U7, W7) | CY7: =IF(DD7="1", V7, X7) | CZ7: =IF(DD7="1", W7, U7) | DA7: =IF(DD7="1", X7, V7) | DB7: =(if(DD7 = "1", AK7, AG7)) | DC7: =(if(DD7 = "1", AL7, AH7)) | DD7: =IF(DI7=B7,"1","2") -> 1 | DE7: =IF(DD7 = "1", Q7, S7) | DF7: =IF(DD7 = "1", R7, T7) | DG7: =IF(DD7 = "1", S7, Q7) | DH7: =IF(DD7 = "1", T7, R7) | DI7: =IF(COUNTIF(PlayerAltNames,B7)>0, B7, I7) | DJ7: =IF(COUNTIF($I7,$DI7)>0, J7, C7) | DK7: =IF(COUNTIF($I7,$DI7)>0, K7, D7) | DL7: =IF(COUNTIF($I7,$DI7)>0, L7, E7) | DM7: =IF(COUNTIF($I7,$DI7)>0, M7, F7) | DN7: =IF(COUNTIF($I7,$DI7)>0, N7, G7) | DO7: =IF(COUNTIF($I7,$DI7)>0, O7, H7) | DP7: =IF(COUNTIF(I7,DI7) > 0, B7, I7) | DQ7: =IF(COUNTIF($I7,$DP7), J7, C7) | DR7: =IF(COUNTIF($I7,$DP7), K7, D7) | DS7: =IF(COUNTIF($I7,$DP7), L7, E7) | DT7: =IF(COUNTIF($I7,$DP7), M7, F7) | DU7: =IF(COUNTIF($I7,$DP7), N7, G7) | DV7: =IF(COUNTIF($I7,$DP7), O7, H7) | DW7: =IF(HomePage!C18 <> "", IFS(AND(P7 = 1, COUNTIF(PlayerAltNames, B7)>0), "Win", AND(P7 = 1, COUNTIF(PlayerAltNames, I7)>0), "Loss", AND(P7 = 2, COUNTIF(PlayerAltNames, I7)>0), "Win", AND(P7 = 2, COUNTIF(PlayerAltNames, B7)>0), "Loss"), "") | DY7: =CELL("address", INDEX(AM7:CQ7, MATCH("P1 MOVES START", AM7:CQ7, 0))) -> #N/A | DZ7: =CELL("address", INDEX(AM7:CQ7, MATCH("P1 MOVES END", AM7:CQ7, 0))) -> #N/A | EA7: =CELL("address", INDEX(AM7:CQ7, MATCH("P2 MOVES START", AM7:CQ7, 0))) -> #N/A | EB7: =CELL("address", INDEX(AM7:CQ7, MATCH("P2 MOVES END", AM7:CQ7, 0))) -> #N/A | EC7: =IF(DD7 = "1", CONCATENATE(DY7, ":", DZ7), CONCATENATE(EA7, ":", EB7)) -> #N/A | ED7: =SUBSTITUTE(EC7, "$", "") -> #N/A | EE7: =IF(DD7 = "1", ("" & Z7 & " -> " & AB7), ("" & AA7 & " -> " & AC7)) -> -> | EF7: =IF(DD7 = "1", AA7, Z7)
B8: =IF(HomePage!C19<>"", REPLAYTODATA(HomePage!C19), "") | CT8: =(if(DD8 = "1", AE8, AI8)) | CU8: =(if(DD8 = "1", AF8, AJ8)) | CV8: =(if(DD8 = "1", AG8, AK8)) | CW8: =(if(DD8 = "1", AH8, AL8)) | CX8: =IF(DD8="1", U8, W8) | CY8: =IF(DD8="1", V8, X8) | CZ8: =IF(DD8="1", W8, U8) | DA8: =IF(DD8="1", X8, V8) | DB8: =(if(DD8 = "1", AK8, AG8)) | DC8: =(if(DD8 = "1", AL8, AH8)) | DD8: =IF(DI8=B8,"1","2") -> 1 | DE8: =IF(DD8 = "1", Q8, S8) | DF8: =IF(DD8 = "1", R8, T8) | DG8: =IF(DD8 = "1", S8, Q8) | DH8: =IF(DD8 = "1", T8, R8) | DI8: =IF(COUNTIF(PlayerAltNames,B8)>0, B8, I8) | DJ8: =IF(COUNTIF($I8,$DI8)>0, J8, C8) | DK8: =IF(COUNTIF($I8,$DI8)>0, K8, D8) | DL8: =IF(COUNTIF($I8,$DI8)>0, L8, E8) | DM8: =IF(COUNTIF($I8,$DI8)>0, M8, F8) | DN8: =IF(COUNTIF($I8,$DI8)>0, N8, G8) | DO8: =IF(COUNTIF($I8,$DI8)>0, O8, H8) | DP8: =IF(COUNTIF(I8,DI8) > 0, B8, I8) | DQ8: =IF(COUNTIF($I8,$DP8), J8, C8) | DR8: =IF(COUNTIF($I8,$DP8), K8, D8) | DS8: =IF(COUNTIF($I8,$DP8), L8, E8) | DT8: =IF(COUNTIF($I8,$DP8), M8, F8) | DU8: =IF(COUNTIF($I8,$DP8), N8, G8) | DV8: =IF(COUNTIF($I8,$DP8), O8, H8) | DW8: =IF(HomePage!C19 <> "", IFS(AND(P8 = 1, COUNTIF(PlayerAltNames, B8)>0), "Win", AND(P8 = 1, COUNTIF(PlayerAltNames, I8)>0), "Loss", AND(P8 = 2, COUNTIF(PlayerAltNames, I8)>0), "Win", AND(P8 = 2, COUNTIF(PlayerAltNames, B8)>0), "Loss"), "") | DY8: =CELL("address", INDEX(AM8:CQ8, MATCH("P1 MOVES START", AM8:CQ8, 0))) -> #N/A | DZ8: =CELL("address", INDEX(AM8:CQ8, MATCH("P1 MOVES END", AM8:CQ8, 0))) -> #N/A | EA8: =CELL("address", INDEX(AM8:CQ8, MATCH("P2 MOVES START", AM8:CQ8, 0))) -> #N/A | EB8: =CELL("address", INDEX(AM8:CQ8, MATCH("P2 MOVES END", AM8:CQ8, 0))) -> #N/A | EC8: =IF(DD8 = "1", CONCATENATE(DY8, ":", DZ8), CONCATENATE(EA8, ":", EB8)) -> #N/A | ED8: =SUBSTITUTE(EC8, "$", "") -> #N/A | EE8: =IF(DD8 = "1", ("" & Z8 & " -> " & AB8), ("" & AA8 & " -> " & AC8)) -> -> | EF8: =IF(DD8 = "1", AA8, Z8)
B9: =IF(HomePage!C20<>"", REPLAYTODATA(HomePage!C20), "") | CT9: =(if(DD9 = "1", AE9, AI9)) | CU9: =(if(DD9 = "1", AF9, AJ9)) | CV9: =(if(DD9 = "1", AG9, AK9)) | CW9: =(if(DD9 = "1", AH9, AL9)) | CX9: =IF(DD9="1", U9, W9) | CY9: =IF(DD9="1", V9, X9) | CZ9: =IF(DD9="1", W9, U9) | DA9: =IF(DD9="1", X9, V9) | DB9: =(if(DD9 = "1", AK9, AG9)) | DC9: =(if(DD9 = "1", AL9, AH9)) | DD9: =IF(DI9=B9,"1","2") -> 1 | DE9: =IF(DD9 = "1", Q9, S9) | DF9: =IF(DD9 = "1", R9, T9) | DG9: =IF(DD9 = "1", S9, Q9) | DH9: =IF(DD9 = "1", T9, R9) | DI9: =IF(COUNTIF(PlayerAltNames,B9)>0, B9, I9) | DJ9: =IF(COUNTIF($I9,$DI9)>0, J9, C9) | DK9: =IF(COUNTIF($I9,$DI9)>0, K9, D9) | DL9: =IF(COUNTIF($I9,$DI9)>0, L9, E9) | DM9: =IF(COUNTIF($I9,$DI9)>0, M9, F9) | DN9: =IF(COUNTIF($I9,$DI9)>0, N9, G9) | DO9: =IF(COUNTIF($I9,$DI9)>0, O9, H9) | DP9: =IF(COUNTIF(I9,DI9) > 0, B9, I9) | DQ9: =IF(COUNTIF($I9,$DP9), J9, C9) | DR9: =IF(COUNTIF($I9,$DP9), K9, D9) | DS9: =IF(COUNTIF($I9,$DP9), L9, E9) | DT9: =IF(COUNTIF($I9,$DP9), M9, F9) | DU9: =IF(COUNTIF($I9,$DP9), N9, G9) | DV9: =IF(COUNTIF($I9,$DP9), O9, H9) | DW9: =IF(HomePage!C20 <> "", IFS(AND(P9 = 1, COUNTIF(PlayerAltNames, B9)>0), "Win", AND(P9 = 1, COUNTIF(PlayerAltNames, I9)>0), "Loss", AND(P9 = 2, COUNTIF(PlayerAltNames, I9)>0), "Win", AND(P9 = 2, COUNTIF(PlayerAltNames, B9)>0), "Loss"), "") | DY9: =CELL("address", INDEX(AM9:CQ9, MATCH("P1 MOVES START", AM9:CQ9, 0))) -> #N/A | DZ9: =CELL("address", INDEX(AM9:CQ9, MATCH("P1 MOVES END", AM9:CQ9, 0))) -> #N/A | EA9: =CELL("address", INDEX(AM9:CQ9, MATCH("P2 MOVES START", AM9:CQ9, 0))) -> #N/A | EB9: =CELL("address", INDEX(AM9:CQ9, MATCH("P2 MOVES END", AM9:CQ9, 0))) -> #N/A | EC9: =IF(DD9 = "1", CONCATENATE(DY9, ":", DZ9), CONCATENATE(EA9, ":", EB9)) -> #N/A | ED9: =SUBSTITUTE(EC9, "$", "") -> #N/A | EE9: =IF(DD9 = "1", ("" & Z9 & " -> " & AB9), ("" & AA9 & " -> " & AC9)) -> -> | EF9: =IF(DD9 = "1", AA9, Z9)
B10: =IF(HomePage!C21<>"", REPLAYTODATA(HomePage!C21), "") | CT10: =(if(DD10 = "1", AE10, AI10)) | CU10: =(if(DD10 = "1", AF10, AJ10)) | CV10: =(if(DD10 = "1", AG10, AK10)) | CW10: =(if(DD10 = "1", AH10, AL10)) | CX10: =IF(DD10="1", U10, W10) | CY10: =IF(DD10="1", V10, X10) | CZ10: =IF(DD10="1", W10, U10) | DA10: =IF(DD10="1", X10, V10) | DB10: =(if(DD10 = "1", AK10, AG10)) | DC10: =(if(DD10 = "1", AL10, AH10)) | DD10: =IF(DI10=B10,"1","2") -> 1 | DE10: =IF(DD10 = "1", Q10, S10) | DF10: =IF(DD10 = "1", R10, T10) | DG10: =IF(DD10 = "1", S10, Q10) | DH10: =IF(DD10 = "1", T10, R10) | DI10: =IF(COUNTIF(PlayerAltNames,B10)>0, B10, I10) | DJ10: =IF(COUNTIF($I10,$DI10)>0, J10, C10) | DK10: =IF(COUNTIF($I10,$DI10)>0, K10, D10) | DL10: =IF(COUNTIF($I10,$DI10)>0, L10, E10) | DM10: =IF(COUNTIF($I10,$DI10)>0, M10, F10) | DN10: =IF(COUNTIF($I10,$DI10)>0, N10, G10) | DO10: =IF(COUNTIF($I10,$DI10)>0, O10, H10) | DP10: =IF(COUNTIF(I10,DI10) > 0, B10, I10) | DQ10: =IF(COUNTIF($I10,$DP10), J10, C10) | DR10: =IF(COUNTIF($I10,$DP10), K10, D10) | DS10: =IF(COUNTIF($I10,$DP10), L10, E10) | DT10: =IF(COUNTIF($I10,$DP10), M10, F10) | DU10: =IF(COUNTIF($I10,$DP10), N10, G10) | DV10: =IF(COUNTIF($I10,$DP10), O10, H10) | DW10: =IF(HomePage!C21 <> "", IFS(AND(P10 = 1, COUNTIF(PlayerAltNames, B10)>0), "Win", AND(P10 = 1, COUNTIF(PlayerAltNames, I10)>0), "Loss", AND(P10 = 2, COUNTIF(PlayerAltNames, I10)>0), "Win", AND(P10 = 2, COUNTIF(PlayerAltNames, B10)>0), "Loss"), "") | DY10: =CELL("address", INDEX(AM10:CQ10, MATCH("P1 MOVES START", AM10:CQ10, 0))) -> #N/A | DZ10: =CELL("address", INDEX(AM10:CQ10, MATCH("P1 MOVES END", AM10:CQ10, 0))) -> #N/A | EA10: =CELL("address", INDEX(AM10:CQ10, MATCH("P2 MOVES START", AM10:CQ10, 0))) -> #N/A | EB10: =CELL("address", INDEX(AM10:CQ10, MATCH("P2 MOVES END", AM10:CQ10, 0))) -> #N/A | EC10: =IF(DD10 = "1", CONCATENATE(DY10, ":", DZ10), CONCATENATE(EA10, ":", EB10)) -> #N/A | ED10: =SUBSTITUTE(EC10, "$", "") -> #N/A | EE10: =IF(DD10 = "1", ("" & Z10 & " -> " & AB10), ("" & AA10 & " -> " & AC10)) -> -> | EF10: =IF(DD10 = "1", AA10, Z10)
B11: =IF(HomePage!C22<>"", REPLAYTODATA(HomePage!C22), "") | CT11: =(if(DD11 = "1", AE11, AI11)) | CU11: =(if(DD11 = "1", AF11, AJ11)) | CV11: =(if(DD11 = "1", AG11, AK11)) | CW11: =(if(DD11 = "1", AH11, AL11)) | CX11: =IF(DD11="1", U11, W11) | CY11: =IF(DD11="1", V11, X11) | CZ11: =IF(DD11="1", W11, U11) | DA11: =IF(DD11="1", X11, V11) | DB11: =(if(DD11 = "1", AK11, AG11)) | DC11: =(if(DD11 = "1", AL11, AH11)) | DD11: =IF(DI11=B11,"1","2") -> 1 | DE11: =IF(DD11 = "1", Q11, S11) | DF11: =IF(DD11 = "1", R11, T11) | DG11: =IF(DD11 = "1", S11, Q11) | DH11: =IF(DD11 = "1", T11, R11) | DI11: =IF(COUNTIF(PlayerAltNames,B11)>0, B11, I11) | DJ11: =IF(COUNTIF($I11,$DI11)>0, J11, C11) | DK11: =IF(COUNTIF($I11,$DI11)>0, K11, D11) | DL11: =IF(COUNTIF($I11,$DI11)>0, L11, E11) | DM11: =IF(COUNTIF($I11,$DI11)>0, M11, F11) | DN11: =IF(COUNTIF($I11,$DI11)>0, N11, G11) | DO11: =IF(COUNTIF($I11,$DI11)>0, O11, H11) | DP11: =IF(COUNTIF(I11,DI11) > 0, B11, I11) | DQ11: =IF(COUNTIF($I11,$DP11), J11, C11) | DR11: =IF(COUNTIF($I11,$DP11), K11, D11) | DS11: =IF(COUNTIF($I11,$DP11), L11, E11) | DT11: =IF(COUNTIF($I11,$DP11), M11, F11) | DU11: =IF(COUNTIF($I11,$DP11), N11, G11) | DV11: =IF(COUNTIF($I11,$DP11), O11, H11) | DW11: =IF(HomePage!C22 <> "", IFS(AND(P11 = 1, COUNTIF(PlayerAltNames, B11)>0), "Win", AND(P11 = 1, COUNTIF(PlayerAltNames, I11)>0), "Loss", AND(P11 = 2, COUNTIF(PlayerAltNames, I11)>0), "Win", AND(P11 = 2, COUNTIF(PlayerAltNames, B11)>0), "Loss"), "") | DY11: =CELL("address", INDEX(AM11:CQ11, MATCH("P1 MOVES START", AM11:CQ11, 0))) -> #N/A | DZ11: =CELL("address", INDEX(AM11:CQ11, MATCH("P1 MOVES END", AM11:CQ11, 0))) -> #N/A | EA11: =CELL("address", INDEX(AM11:CQ11, MATCH("P2 MOVES START", AM11:CQ11, 0))) -> #N/A | EB11: =CELL("address", INDEX(AM11:CQ11, MATCH("P2 MOVES END", AM11:CQ11, 0))) -> #N/A | EC11: =IF(DD11 = "1", CONCATENATE(DY11, ":", DZ11), CONCATENATE(EA11, ":", EB11)) -> #N/A | ED11: =SUBSTITUTE(EC11, "$", "") -> #N/A | EE11: =IF(DD11 = "1", ("" & Z11 & " -> " & AB11), ("" & AA11 & " -> " & AC11)) -> -> | EF11: =IF(DD11 = "1", AA11, Z11)
B12: =IF(HomePage!C23<>"", REPLAYTODATA(HomePage!C23), "") | CT12: =(if(DD12 = "1", AE12, AI12)) | CU12: =(if(DD12 = "1", AF12, AJ12)) | CV12: =(if(DD12 = "1", AG12, AK12)) | CW12: =(if(DD12 = "1", AH12, AL12)) | CX12: =IF(DD12="1", U12, W12) | CY12: =IF(DD12="1", V12, X12) | CZ12: =IF(DD12="1", W12, U12) | DA12: =IF(DD12="1", X12, V12) | DB12: =(if(DD12 = "1", AK12, AG12)) | DC12: =(if(DD12 = "1", AL12, AH12)) | DD12: =IF(DI12=B12,"1","2") -> 1 | DE12: =IF(DD12 = "1", Q12, S12) | DF12: =IF(DD12 = "1", R12, T12) | DG12: =IF(DD12 = "1", S12, Q12) | DH12: =IF(DD12 = "1", T12, R12) | DI12: =IF(COUNTIF(PlayerAltNames,B12)>0, B12, I12) | DJ12: =IF(COUNTIF($I12,$DI12)>0, J12, C12) | DK12: =IF(COUNTIF($I12,$DI12)>0, K12, D12) | DL12: =IF(COUNTIF($I12,$DI12)>0, L12, E12) | DM12: =IF(COUNTIF($I12,$DI12)>0, M12, F12) | DN12: =IF(COUNTIF($I12,$DI12)>0, N12, G12) | DO12: =IF(COUNTIF($I12,$DI12)>0, O12, H12) | DP12: =IF(COUNTIF(I12,DI12) > 0, B12, I12) | DQ12: =IF(COUNTIF($I12,$DP12), J12, C12) | DR12: =IF(COUNTIF($I12,$DP12), K12, D12) | DS12: =IF(COUNTIF($I12,$DP12), L12, E12) | DT12: =IF(COUNTIF($I12,$DP12), M12, F12) | DU12: =IF(COUNTIF($I12,$DP12), N12, G12) | DV12: =IF(COUNTIF($I12,$DP12), O12, H12) | DW12: =IF(HomePage!C23 <> "", IFS(AND(P12 = 1, COUNTIF(PlayerAltNames, B12)>0), "Win", AND(P12 = 1, COUNTIF(PlayerAltNames, I12)>0), "Loss", AND(P12 = 2, COUNTIF(PlayerAltNames, I12)>0), "Win", AND(P12 = 2, COUNTIF(PlayerAltNames, B12)>0), "Loss"), "") | DY12: =CELL("address", INDEX(AM12:CQ12, MATCH("P1 MOVES START", AM12:CQ12, 0))) -> #N/A | DZ12: =CELL("address", INDEX(AM12:CQ12, MATCH("P1 MOVES END", AM12:CQ12, 0))) -> #N/A | EA12: =CELL("address", INDEX(AM12:CQ12, MATCH("P2 MOVES START", AM12:CQ12, 0))) -> #N/A | EB12: =CELL("address", INDEX(AM12:CQ12, MATCH("P2 MOVES END", AM12:CQ12, 0))) -> #N/A | EC12: =IF(DD12 = "1", CONCATENATE(DY12, ":", DZ12), CONCATENATE(EA12, ":", EB12)) -> #N/A | ED12: =SUBSTITUTE(EC12, "$", "") -> #N/A | EE12: =IF(DD12 = "1", ("" & Z12 & " -> " & AB12), ("" & AA12 & " -> " & AC12)) -> -> | EF12: =IF(DD12 = "1", AA12, Z12)
B13: =IF(HomePage!C24<>"", REPLAYTODATA(HomePage!C24), "") | CT13: =(if(DD13 = "1", AE13, AI13)) | CU13: =(if(DD13 = "1", AF13, AJ13)) | CV13: =(if(DD13 = "1", AG13, AK13)) | CW13: =(if(DD13 = "1", AH13, AL13)) | CX13: =IF(DD13="1", U13, W13) | CY13: =IF(DD13="1", V13, X13) | CZ13: =IF(DD13="1", W13, U13) | DA13: =IF(DD13="1", X13, V13) | DB13: =(if(DD13 = "1", AK13, AG13)) | DC13: =(if(DD13 = "1", AL13, AH13)) | DD13: =IF(DI13=B13,"1","2") -> 1 | DE13: =IF(DD13 = "1", Q13, S13) | DF13: =IF(DD13 = "1", R13, T13) | DG13: =IF(DD13 = "1", S13, Q13) | DH13: =IF(DD13 = "1", T13, R13) | DI13: =IF(COUNTIF(PlayerAltNames,B13)>0, B13, I13) | DJ13: =IF(COUNTIF($I13,$DI13)>0, J13, C13) | DK13: =IF(COUNTIF($I13,$DI13)>0, K13, D13) | DL13: =IF(COUNTIF($I13,$DI13)>0, L13, E13) | DM13: =IF(COUNTIF($I13,$DI13)>0, M13, F13) | DN13: =IF(COUNTIF($I13,$DI13)>0, N13, G13) | DO13: =IF(COUNTIF($I13,$DI13)>0, O13, H13) | DP13: =IF(COUNTIF(I13,DI13) > 0, B13, I13) | DQ13: =IF(COUNTIF($I13,$DP13), J13, C13) | DR13: =IF(COUNTIF($I13,$DP13), K13, D13) | DS13: =IF(COUNTIF($I13,$DP13), L13, E13) | DT13: =IF(COUNTIF($I13,$DP13), M13, F13) | DU13: =IF(COUNTIF($I13,$DP13), N13, G13) | DV13: =IF(COUNTIF($I13,$DP13), O13, H13) | DW13: =IF(HomePage!C24 <> "", IFS(AND(P13 = 1, COUNTIF(PlayerAltNames, B13)>0), "Win", AND(P13 = 1, COUNTIF(PlayerAltNames, I13)>0), "Loss", AND(P13 = 2, COUNTIF(PlayerAltNames, I13)>0), "Win", AND(P13 = 2, COUNTIF(PlayerAltNames, B13)>0), "Loss"), "") | DY13: =CELL("address", INDEX(AM13:CQ13, MATCH("P1 MOVES START", AM13:CQ13, 0))) -> #N/A | DZ13: =CELL("address", INDEX(AM13:CQ13, MATCH("P1 MOVES END", AM13:CQ13, 0))) -> #N/A | EA13: =CELL("address", INDEX(AM13:CQ13, MATCH("P2 MOVES START", AM13:CQ13, 0))) -> #N/A | EB13: =CELL("address", INDEX(AM13:CQ13, MATCH("P2 MOVES END", AM13:CQ13, 0))) -> #N/A | EC13: =IF(DD13 = "1", CONCATENATE(DY13, ":", DZ13), CONCATENATE(EA13, ":", EB13)) -> #N/A | ED13: =SUBSTITUTE(EC13, "$", "") -> #N/A | EE13: =IF(DD13 = "1", ("" & Z13 & " -> " & AB13), ("" & AA13 & " -> " & AC13)) -> -> | EF13: =IF(DD13 = "1", AA13, Z13)
B14: =IF(HomePage!C25<>"", REPLAYTODATA(HomePage!C25), "") | CT14: =(if(DD14 = "1", AE14, AI14)) | CU14: =(if(DD14 = "1", AF14, AJ14)) | CV14: =(if(DD14 = "1", AG14, AK14)) | CW14: =(if(DD14 = "1", AH14, AL14)) | CX14: =IF(DD14="1", U14, W14) | CY14: =IF(DD14="1", V14, X14) | CZ14: =IF(DD14="1", W14, U14) | DA14: =IF(DD14="1", X14, V14) | DB14: =(if(DD14 = "1", AK14, AG14)) | DC14: =(if(DD14 = "1", AL14, AH14)) | DD14: =IF(DI14=B14,"1","2") -> 1 | DE14: =IF(DD14 = "1", Q14, S14) | DF14: =IF(DD14 = "1", R14, T14) | DG14: =IF(DD14 = "1", S14, Q14) | DH14: =IF(DD14 = "1", T14, R14) | DI14: =IF(COUNTIF(PlayerAltNames,B14)>0, B14, I14) | DJ14: =IF(COUNTIF($I14,$DI14)>0, J14, C14) | DK14: =IF(COUNTIF($I14,$DI14)>0, K14, D14) | DL14: =IF(COUNTIF($I14,$DI14)>0, L14, E14) | DM14: =IF(COUNTIF($I14,$DI14)>0, M14, F14) | DN14: =IF(COUNTIF($I14,$DI14)>0, N14, G14) | DO14: =IF(COUNTIF($I14,$DI14)>0, O14, H14) | DP14: =IF(COUNTIF(I14,DI14) > 0, B14, I14) | DQ14: =IF(COUNTIF($I14,$DP14), J14, C14) | DR14: =IF(COUNTIF($I14,$DP14), K14, D14) | DS14: =IF(COUNTIF($I14,$DP14), L14, E14) | DT14: =IF(COUNTIF($I14,$DP14), M14, F14) | DU14: =IF(COUNTIF($I14,$DP14), N14, G14) | DV14: =IF(COUNTIF($I14,$DP14), O14, H14) | DW14: =IF(HomePage!C25 <> "", IFS(AND(P14 = 1, COUNTIF(PlayerAltNames, B14)>0), "Win", AND(P14 = 1, COUNTIF(PlayerAltNames, I14)>0), "Loss", AND(P14 = 2, COUNTIF(PlayerAltNames, I14)>0), "Win", AND(P14 = 2, COUNTIF(PlayerAltNames, B14)>0), "Loss"), "") | DY14: =CELL("address", INDEX(AM14:CQ14, MATCH("P1 MOVES START", AM14:CQ14, 0))) -> #N/A | DZ14: =CELL("address", INDEX(AM14:CQ14, MATCH("P1 MOVES END", AM14:CQ14, 0))) -> #N/A | EA14: =CELL("address", INDEX(AM14:CQ14, MATCH("P2 MOVES START", AM14:CQ14, 0))) -> #N/A | EB14: =CELL("address", INDEX(AM14:CQ14, MATCH("P2 MOVES END", AM14:CQ14, 0))) -> #N/A | EC14: =IF(DD14 = "1", CONCATENATE(DY14, ":", DZ14), CONCATENATE(EA14, ":", EB14)) -> #N/A | ED14: =SUBSTITUTE(EC14, "$", "") -> #N/A | EE14: =IF(DD14 = "1", ("" & Z14 & " -> " & AB14), ("" & AA14 & " -> " & AC14)) -> -> | EF14: =IF(DD14 = "1", AA14, Z14)
B15: =IF(HomePage!C26<>"", REPLAYTODATA(HomePage!C26), "") | CT15: =(if(DD15 = "1", AE15, AI15)) | CU15: =(if(DD15 = "1", AF15, AJ15)) | CV15: =(if(DD15 = "1", AG15, AK15)) | CW15: =(if(DD15 = "1", AH15, AL15)) | CX15: =IF(DD15="1", U15, W15) | CY15: =IF(DD15="1", V15, X15) | CZ15: =IF(DD15="1", W15, U15) | DA15: =IF(DD15="1", X15, V15) | DB15: =(if(DD15 = "1", AK15, AG15)) | DC15: =(if(DD15 = "1", AL15, AH15)) | DD15: =IF(DI15=B15,"1","2") -> 1 | DE15: =IF(DD15 = "1", Q15, S15) | DF15: =IF(DD15 = "1", R15, T15) | DG15: =IF(DD15 = "1", S15, Q15) | DH15: =IF(DD15 = "1", T15, R15) | DI15: =IF(COUNTIF(PlayerAltNames,B15)>0, B15, I15) | DJ15: =IF(COUNTIF($I15,$DI15)>0, J15, C15) | DK15: =IF(COUNTIF($I15,$DI15)>0, K15, D15) | DL15: =IF(COUNTIF($I15,$DI15)>0, L15, E15) | DM15: =IF(COUNTIF($I15,$DI15)>0, M15, F15) | DN15: =IF(COUNTIF($I15,$DI15)>0, N15, G15) | DO15: =IF(COUNTIF($I15,$DI15)>0, O15, H15) | DP15: =IF(COUNTIF(I15,DI15) > 0, B15, I15) | DQ15: =IF(COUNTIF($I15,$DP15), J15, C15) | DR15: =IF(COUNTIF($I15,$DP15), K15, D15) | DS15: =IF(COUNTIF($I15,$DP15), L15, E15) | DT15: =IF(COUNTIF($I15,$DP15), M15, F15) | DU15: =IF(COUNTIF($I15,$DP15), N15, G15) | DV15: =IF(COUNTIF($I15,$DP15), O15, H15) | DW15: =IF(HomePage!C26 <> "", IFS(AND(P15 = 1, COUNTIF(PlayerAltNames, B15)>0), "Win", AND(P15 = 1, COUNTIF(PlayerAltNames, I15)>0), "Loss", AND(P15 = 2, COUNTIF(PlayerAltNames, I15)>0), "Win", AND(P15 = 2, COUNTIF(PlayerAltNames, B15)>0), "Loss"), "") | DY15: =CELL("address", INDEX(AM15:CQ15, MATCH("P1 MOVES START", AM15:CQ15, 0))) -> #N/A | DZ15: =CELL("address", INDEX(AM15:CQ15, MATCH("P1 MOVES END", AM15:CQ15, 0))) -> #N/A | EA15: =CELL("address", INDEX(AM15:CQ15, MATCH("P2 MOVES START", AM15:CQ15, 0))) -> #N/A | EB15: =CELL("address", INDEX(AM15:CQ15, MATCH("P2 MOVES END", AM15:CQ15, 0))) -> #N/A | EC15: =IF(DD15 = "1", CONCATENATE(DY15, ":", DZ15), CONCATENATE(EA15, ":", EB15)) -> #N/A | ED15: =SUBSTITUTE(EC15, "$", "") -> #N/A | EE15: =IF(DD15 = "1", ("" & Z15 & " -> " & AB15), ("" & AA15 & " -> " & AC15)) -> -> | EF15: =IF(DD15 = "1", AA15, Z15)
B16: =IF(HomePage!C27<>"", REPLAYTODATA(HomePage!C27), "") | CT16: =(if(DD16 = "1", AE16, AI16)) | CU16: =(if(DD16 = "1", AF16, AJ16)) | CV16: =(if(DD16 = "1", AG16, AK16)) | CW16: =(if(DD16 = "1", AH16, AL16)) | CX16: =IF(DD16="1", U16, W16) | CY16: =IF(DD16="1", V16, X16) | CZ16: =IF(DD16="1", W16, U16) | DA16: =IF(DD16="1", X16, V16) | DB16: =(if(DD16 = "1", AK16, AG16)) | DC16: =(if(DD16 = "1", AL16, AH16)) | DD16: =IF(DI16=B16,"1","2") -> 1 | DE16: =IF(DD16 = "1", Q16, S16) | DF16: =IF(DD16 = "1", R16, T16) | DG16: =IF(DD16 = "1", S16, Q16) | DH16: =IF(DD16 = "1", T16, R16) | DI16: =IF(COUNTIF(PlayerAltNames,B16)>0, B16, I16) | DJ16: =IF(COUNTIF($I16,$DI16)>0, J16, C16) | DK16: =IF(COUNTIF($I16,$DI16)>0, K16, D16) | DL16: =IF(COUNTIF($I16,$DI16)>0, L16, E16) | DM16: =IF(COUNTIF($I16,$DI16)>0, M16, F16) | DN16: =IF(COUNTIF($I16,$DI16)>0, N16, G16) | DO16: =IF(COUNTIF($I16,$DI16)>0, O16, H16) | DP16: =IF(COUNTIF(I16,DI16) > 0, B16, I16) | DQ16: =IF(COUNTIF($I16,$DP16), J16, C16) | DR16: =IF(COUNTIF($I16,$DP16), K16, D16) | DS16: =IF(COUNTIF($I16,$DP16), L16, E16) | DT16: =IF(COUNTIF($I16,$DP16), M16, F16) | DU16: =IF(COUNTIF($I16,$DP16), N16, G16) | DV16: =IF(COUNTIF($I16,$DP16), O16, H16) | DW16: =IF(HomePage!C27 <> "", IFS(AND(P16 = 1, COUNTIF(PlayerAltNames, B16)>0), "Win", AND(P16 = 1, COUNTIF(PlayerAltNames, I16)>0), "Loss", AND(P16 = 2, COUNTIF(PlayerAltNames, I16)>0), "Win", AND(P16 = 2, COUNTIF(PlayerAltNames, B16)>0), "Loss"), "") | DY16: =CELL("address", INDEX(AM16:CQ16, MATCH("P1 MOVES START", AM16:CQ16, 0))) -> #N/A | DZ16: =CELL("address", INDEX(AM16:CQ16, MATCH("P1 MOVES END", AM16:CQ16, 0))) -> #N/A | EA16: =CELL("address", INDEX(AM16:CQ16, MATCH("P2 MOVES START", AM16:CQ16, 0))) -> #N/A | EB16: =CELL("address", INDEX(AM16:CQ16, MATCH("P2 MOVES END", AM16:CQ16, 0))) -> #N/A | EC16: =IF(DD16 = "1", CONCATENATE(DY16, ":", DZ16), CONCATENATE(EA16, ":", EB16)) -> #N/A | ED16: =SUBSTITUTE(EC16, "$", "") -> #N/A | EE16: =IF(DD16 = "1", ("" & Z16 & " -> " & AB16), ("" & AA16 & " -> " & AC16)) -> -> | EF16: =IF(DD16 = "1", AA16, Z16)
B17: =IF(HomePage!C28<>"", REPLAYTODATA(HomePage!C28), "") | CT17: =(if(DD17 = "1", AE17, AI17)) | CU17: =(if(DD17 = "1", AF17, AJ17)) | CV17: =(if(DD17 = "1", AG17, AK17)) | CW17: =(if(DD17 = "1", AH17, AL17)) | CX17: =IF(DD17="1", U17, W17) | CY17: =IF(DD17="1", V17, X17) | CZ17: =IF(DD17="1", W17, U17) | DA17: =IF(DD17="1", X17, V17) | DB17: =(if(DD17 = "1", AK17, AG17)) | DC17: =(if(DD17 = "1", AL17, AH17)) | DD17: =IF(DI17=B17,"1","2") -> 1 | DE17: =IF(DD17 = "1", Q17, S17) | DF17: =IF(DD17 = "1", R17, T17) | DG17: =IF(DD17 = "1", S17, Q17) | DH17: =IF(DD17 = "1", T17, R17) | DI17: =IF(COUNTIF(PlayerAltNames,B17)>0, B17, I17) | DJ17: =IF(COUNTIF($I17,$DI17)>0, J17, C17) | DK17: =IF(COUNTIF($I17,$DI17)>0, K17, D17) | DL17: =IF(COUNTIF($I17,$DI17)>0, L17, E17) | DM17: =IF(COUNTIF($I17,$DI17)>0, M17, F17) | DN17: =IF(COUNTIF($I17,$DI17)>0, N17, G17) | DO17: =IF(COUNTIF($I17,$DI17)>0, O17, H17) | DP17: =IF(COUNTIF(I17,DI17) > 0, B17, I17) | DQ17: =IF(COUNTIF($I17,$DP17), J17, C17) | DR17: =IF(COUNTIF($I17,$DP17), K17, D17) | DS17: =IF(COUNTIF($I17,$DP17), L17, E17) | DT17: =IF(COUNTIF($I17,$DP17), M17, F17) | DU17: =IF(COUNTIF($I17,$DP17), N17, G17) | DV17: =IF(COUNTIF($I17,$DP17), O17, H17) | DW17: =IF(HomePage!C28 <> "", IFS(AND(P17 = 1, COUNTIF(PlayerAltNames, B17)>0), "Win", AND(P17 = 1, COUNTIF(PlayerAltNames, I17)>0), "Loss", AND(P17 = 2, COUNTIF(PlayerAltNames, I17)>0), "Win", AND(P17 = 2, COUNTIF(PlayerAltNames, B17)>0), "Loss"), "") | DY17: =CELL("address", INDEX(AM17:CQ17, MATCH("P1 MOVES START", AM17:CQ17, 0))) -> #N/A | DZ17: =CELL("address", INDEX(AM17:CQ17, MATCH("P1 MOVES END", AM17:CQ17, 0))) -> #N/A | EA17: =CELL("address", INDEX(AM17:CQ17, MATCH("P2 MOVES START", AM17:CQ17, 0))) -> #N/A | EB17: =CELL("address", INDEX(AM17:CQ17, MATCH("P2 MOVES END", AM17:CQ17, 0))) -> #N/A | EC17: =IF(DD17 = "1", CONCATENATE(DY17, ":", DZ17), CONCATENATE(EA17, ":", EB17)) -> #N/A | ED17: =SUBSTITUTE(EC17, "$", "") -> #N/A | EE17: =IF(DD17 = "1", ("" & Z17 & " -> " & AB17), ("" & AA17 & " -> " & AC17)) -> -> | EF17: =IF(DD17 = "1", AA17, Z17)
B18: =IF(HomePage!C29<>"", REPLAYTODATA(HomePage!C29), "") | CT18: =(if(DD18 = "1", AE18, AI18)) | CU18: =(if(DD18 = "1", AF18, AJ18)) | CV18: =(if(DD18 = "1", AG18, AK18)) | CW18: =(if(DD18 = "1", AH18, AL18)) | CX18: =IF(DD18="1", U18, W18) | CY18: =IF(DD18="1", V18, X18) | CZ18: =IF(DD18="1", W18, U18) | DA18: =IF(DD18="1", X18, V18) | DB18: =(if(DD18 = "1", AK18, AG18)) | DC18: =(if(DD18 = "1", AL18, AH18)) | DD18: =IF(DI18=B18,"1","2") -> 1 | DE18: =IF(DD18 = "1", Q18, S18) | DF18: =IF(DD18 = "1", R18, T18) | DG18: =IF(DD18 = "1", S18, Q18) | DH18: =IF(DD18 = "1", T18, R18) | DI18: =IF(COUNTIF(PlayerAltNames,B18)>0, B18, I18) | DJ18: =IF(COUNTIF($I18,$DI18)>0, J18, C18) | DK18: =IF(COUNTIF($I18,$DI18)>0, K18, D18) | DL18: =IF(COUNTIF($I18,$DI18)>0, L18, E18) | DM18: =IF(COUNTIF($I18,$DI18)>0, M18, F18) | DN18: =IF(COUNTIF($I18,$DI18)>0, N18, G18) | DO18: =IF(COUNTIF($I18,$DI18)>0, O18, H18) | DP18: =IF(COUNTIF(I18,DI18) > 0, B18, I18) | DQ18: =IF(COUNTIF($I18,$DP18), J18, C18) | DR18: =IF(COUNTIF($I18,$DP18), K18, D18) | DS18: =IF(COUNTIF($I18,$DP18), L18, E18) | DT18: =IF(COUNTIF($I18,$DP18), M18, F18) | DU18: =IF(COUNTIF($I18,$DP18), N18, G18) | DV18: =IF(COUNTIF($I18,$DP18), O18, H18) | DW18: =IF(HomePage!C29 <> "", IFS(AND(P18 = 1, COUNTIF(PlayerAltNames, B18)>0), "Win", AND(P18 = 1, COUNTIF(PlayerAltNames, I18)>0), "Loss", AND(P18 = 2, COUNTIF(PlayerAltNames, I18)>0), "Win", AND(P18 = 2, COUNTIF(PlayerAltNames, B18)>0), "Loss"), "") | DY18: =CELL("address", INDEX(AM18:CQ18, MATCH("P1 MOVES START", AM18:CQ18, 0))) -> #N/A | DZ18: =CELL("address", INDEX(AM18:CQ18, MATCH("P1 MOVES END", AM18:CQ18, 0))) -> #N/A | EA18: =CELL("address", INDEX(AM18:CQ18, MATCH("P2 MOVES START", AM18:CQ18, 0))) -> #N/A | EB18: =CELL("address", INDEX(AM18:CQ18, MATCH("P2 MOVES END", AM18:CQ18, 0))) -> #N/A | EC18: =IF(DD18 = "1", CONCATENATE(DY18, ":", DZ18), CONCATENATE(EA18, ":", EB18)) -> #N/A | ED18: =SUBSTITUTE(EC18, "$", "") -> #N/A | EE18: =IF(DD18 = "1", ("" & Z18 & " -> " & AB18), ("" & AA18 & " -> " & AC18)) -> -> | EF18: =IF(DD18 = "1", AA18, Z18)
